time,nominal_yield_1y,nominal_yield_2y,nominal_yield_3y,nominal_yield_5y,nominal_yield_7y,nominal_yield_10y,nominal_yield_15y,nominal_yield_20y,real_yield_1y,real_yield_2y,real_yield_3y,real_yield_5y,real_yield_7y,real_yield_10y,real_yield_15y,real_yield_20y,cpi_index,real_estate_cost_index,real_estate_rent_index,equity_index
0.0,0.02675300319777831,0.024307446142607693,0.025186041380200037,0.02865804458713979,0.031680016634106044,0.03555162255880308,0.03888658648483195,0.04087206971333861,0.00609383399685732,0.005397742363097693,0.006752054364921225,0.009945116492832506,0.011537365357776403,0.014382075299687354,0.01631235993416103,0.017773216149503265,1.0,1.0,1.0,1.0
0.08333333333333333,0.02497720081137218,0.022527202339789228,0.0243219761166548,0.02769851869430651,0.03253289521497391,0.03687400885675719,0.04019446328727225,0.04286512542534212,0.005238921888344642,0.0061901599300653014,0.007808234200837204,0.010642226001084745,0.013847386968411578,0.015991328101022932,0.017976548832702038,0.01979856301061872,1.0026199006492345,1.004028130670164,1.0045271000417149,1.0142626899065286
0.16666666666666666,0.022846810525182577,0.02357353427628217,0.02522679117377797,0.031121215436035757,0.03497866446263526,0.03891142277096188,0.04247485583559608,0.0439725076066814,-0.0027092830066588864,0.004783711191426243,0.008548524642470376,0.013592309440737114,0.01605689083147634,0.017987870770843614,0.01955222651348797,0.020578858135961924,1.0035344627297096,1.0003828124396306,1.0010913566113193,1.0673176244739966
0.25,0.027331364720304015,0.024970774340959935,0.025095203823328388,0.029693008541913146,0.03489489636891101,0.039603650912361704,0.04317936669293781,0.04476985846458202,-0.009048825169394795,-0.0017004876170382134,0.0030519354396567216,0.009436764038458398,0.013391838281793769,0.01699026674993858,0.01910532149452523,0.020617771508498202,1.0086625826121176,1.0087090056183703,1.0110681384842117,1.1115090257869973
0.3333333333333333,0.026155130727587413,0.020053765179668552,0.02002230648456401,0.025387570442695906,0.028753073251383002,0.034457880913578494,0.038945652493442416,0.04091797255040054,-0.00023534976287528756,0.0014980638437937111,0.00396084847221671,0.009085403681205452,0.012050680621122222,0.015439000397834418,0.01795330182515796,0.019596809663754135,1.0101775513470344,1.0111534493947143,1.0133298913533642,1.1010288581026315
0.41666666666666663,0.025126811888680045,0.01996539631085703,0.020311770847419905,0.025427490566132756,0.02974362424155593,0.034854948815036674,0.038917262139873995,0.041582154586184264,-0.00029295197104611066,0.0006317988726917867,0.0027572971263147453,0.007987874404634821,0.011929992090521497,0.015596322927156465,0.01855291605850311,0.020179284572882785,1.0131705891124667,1.0118576482555697,1.016403755967434,1.112112172090444
0.5,0.022766380774449844,0.020063747161869705,0.021193493344657796,0.02505712884213451,0.029170370931156823,0.033102397525489685,0.036313009617750414,0.038014918318455965,0.005521927902346196,0.004649790911459437,0.005904927621128356,0.009237870026755642,0.012091177147087316,0.015367365207890454,0.01773330457440458,0.01909204035042352,1.0153587759161895,1.0114341161667177,1.0175640165183104,1.0972581744958438
0.5833333333333333,0.02218469693377186,0.017160426022062136,0.017430994455510704,0.021808751919892885,0.02661725953519875,0.031137924258313875,0.03504420417376018,0.03668878404224657,-0.004926680701642501,-0.004830924095545832,-0.002896859517146742,0.002888687439762571,0.007456536391613778,0.011045190901115198,0.014656560920730439,0.016138062391887056,1.0154805501391757,1.0133416158024195,1.0170257894511228,1.0527454950100028
0.6666666666666666,0.02627200789753946,0.02052370683333134,0.02093116672864896,0.024627590075380047,0.02944076747078152,0.03318501750220983,0.03696747952463459,0.03903727005550607,-0.00688697640697483,-0.0069860474942807895,-0.004048349004750958,0.0012606144960235566,0.006598032422638875,0.010566377905588802,0.01492181525352538,0.0166614416907258,1.0194676535777853,1.0217497064943304,1.025054784544093,1.0517973156967286
0.75,0.02978302966761997,0.021999386747604006,0.019851394524737602,0.025284276294115626,0.02885655027435921,0.0333263724303927,0.037466029238834894,0.039340694179089114,-0.0066308758710888534,-0.0065064362615261,-0.004575463395131757,0.002314499949952414,0.006930136644097845,0.01116127311123738,0.015321004531924564,0.016694172090209406,1.0220462848022842,1.0245921661336077,1.0291783429516497,1.0112824125178606
0.8333333333333333,0.02981314874800655,0.024183186794285758,0.024376622191436242,0.027580025948365085,0.03225835447894737,0.03558158407809181,0.039377144977300875,0.04131348223201595,-0.012043607281581799,-0.007943028318262185,-0.003642267575765221,0.0031857581514961827,0.008361192535536131,0.012082251760427059,0.015618919474442234,0.017096742800025603,1.0260836722214899,1.0293637604794452,1.0336535127221873,0.9626308850587636
0.9166666666666666,0.031269798253735465,0.026156483728030505,0.025333615964927204,0.028792272753532796,0.03260053468153489,0.03699678511415601,0.03918007117200718,0.04092738923317513,-0.012383307471792584,-0.009389451067224143,-0.006303336765395551,0.0008443228152453532,0.005210730294595547,0.010308643684880225,0.013590594250411836,0.015184573904470325,1.0331273999612747,1.0381966662207716,1.0399526509339734,0.9545660976340258
1.0,0.03446106035827334,0.0292270665996103,0.02905061139094008,0.0321727889766555,0.03515889203569848,0.03840721432020282,0.04114562291033198,0.04208689207274234,-0.006287207533085444,-0.004867056840590485,-0.0015825862614642261,0.0037805628921522383,0.007632043145371217,0.011370131975190741,0.014142835018406734,0.015502142145849097,1.0378271654671996,1.041092366349857,1.0468063424766134,0.9774558284986199
1.0833333333333333,0.02751499585773925,0.02842237271153886,0.030471192047409605,0.034033457104726536,0.037181563743739016,0.04011252400529339,0.04247374137071894,0.04348313369178306,-0.014076766437202171,-0.009106295941424512,-0.0043490766597123484,0.002694155218541119,0.006875211773133453,0.011699662622208852,0.01471869605486973,0.01612620518770747,1.0448203135990561,1.0486821508515667,1.0528862538221722,0.9374695818817361
1.1666666666666665,0.0245441618460631,0.021988519304653918,0.02338252614075999,0.027317314132666356,0.03201680646348462,0.034869099763124495,0.03836180894058305,0.03995243153303574,-0.019332337454569446,-0.015509818823984873,-0.011162296562263831,-0.0032180865421266793,0.002021862633636096,0.006299191963635618,0.01055231095665318,0.012379482943808216,1.0518375235907915,1.050666612659107,1.0562049338032398,0.9090508406572729
1.25,0.025874938375779713,0.021540709272163214,0.02224836401145104,0.02743993340509855,0.03149224734929599,0.034709439000978004,0.0391453205235972,0.04085501127949431,-0.010484628164531537,-0.01018816525984498,-0.007481329152418989,-0.0007196332182975036,0.003711553062032182,0.007700300093620296,0.011917594973556394,0.013314917429640643,1.0558487755998327,1.0594485249235264,1.0636809189380505,0.9273739513310244
1.3333333333333333,0.02333271448385406,0.021079431692381564,0.02237132595823161,0.027594357456602058,0.030301646260360974,0.034591759556433045,0.037923253846197894,0.03948566167423205,-0.009551145705693806,-0.008682307783022019,-0.00559526534431912,0.0009034349486885285,0.0047512916170054514,0.008871674667859071,0.012552196824329424,0.014717385697118932,1.057528213437241,1.0645585121393986,1.0699630760076104,0.9638772282669226
1.4166666666666665,0.024483210000782605,0.022896220782100234,0.02479162362565585,0.028877962966903332,0.03272003562834295,0.03557172776407659,0.038965676561630316,0.040916991401334424,-0.007056640168000232,-0.005361468092481818,-0.0016129412064695603,0.004543126791955819,0.008878284246062457,0.012260567265751438,0.015443139676307189,0.01743732382200718,1.063149618965512,1.0717333573977796,1.0772419983390553,0.9596033882355005
1.5,0.02080048863199885,0.01887438186113921,0.0199041798860336,0.024784218831973282,0.02900791875588063,0.032804640180162895,0.03568124109096633,0.0375325760033977,-0.009981181740118712,-0.009018392503943692,-0.006187946564014264,-0.00017374802642338533,0.004062828836307984,0.008360305781508547,0.01122909636964523,0.01345855365698519,1.071125390257462,1.0793841968028302,1.08758028903867,0.9972839807921924
1.5833333333333333,0.025814945818892508,0.02360475087494661,0.02501521332476378,0.029869994892526053,0.03366722842815366,0.037302097721729724,0.040049745191245746,0.04268090779809987,-0.015409573962711335,-0.013125185210910313,-0.008930007471918204,-0.0015603159914054454,0.003353116374323223,0.008123889125593323,0.011712090338941527,0.013858657337215913,1.0742220317536453,1.086430800301086,1.0956297146737677,1.0186304935745123
1.6666666666666665,0.026928554046784563,0.02482697133166772,0.025800953843086852,0.030473870804868054,0.03276411400493245,0.03576303029825531,0.03906533471574046,0.04014969767216109,-0.013004841330090564,-0.011580421565410521,-0.008619830442089553,-0.0021331057399199675,0.0025459269823622723,0.006039009662744983,0.010344451677350857,0.011743117340392586,1.0755133448279732,1.0911525257127388,1.1033838157957463,1.0414291322429858
1.75,0.033606705850954904,0.028498962285032417,0.02750133471642456,0.030037278490726925,0.033830369929452236,0.036659228864215784,0.040144069918901945,0.04068106388122282,-0.010250998150336636,-0.008387301609978177,-0.0062505325022063005,-0.0007891016402565715,0.0030855224388928047,0.006401166935701029,0.009903793278096134,0.010708915434256883,1.0812683803701484,1.0993600085929651,1.108606020819809,0.9893076565675214
1.8333333333333333,0.0357967253397885,0.029599027588897604,0.027677426858162307,0.030518666650193645,0.03368443039549281,0.0367928885908394,0.03942045333425268,0.041638038783167484,-0.0017548230409021033,-0.003812864121258615,-0.0031787916719012493,0.0012117293868800583,0.005043210357771019,0.008427801414128628,0.011515830541126709,0.012943977273531459,1.0872354366610932,1.1052825953758871,1.1113063029092707,0.9410375832194856
1.9166666666666665,0.03077185761536636,0.027553993420357865,0.02805669268113869,0.030802983789745227,0.034589487352033904,0.03930045345979159,0.04178036384043813,0.04369076210288467,0.000571547897938632,-0.002932950157737034,-0.0021129303448201094,0.001782288855347889,0.0059183148045337235,0.01008110615170351,0.013067519721587319,0.015577339199723796,1.0922990475549388,1.109385866985567,1.1173801268261414,0.9217188665343422
2.0,0.03248005856584729,0.027408651936865522,0.027244212215044805,0.03221505721354914,0.036168266293469545,0.040834601427116875,0.045008007623499366,0.04659110333992323,-0.001456323205747365,-0.0027199642371566607,-0.0015744679592939975,0.0045406599581125934,0.008808705223318614,0.013086071385032991,0.016686761814212272,0.01843281601337908,1.0975297417822887,1.1162841123966836,1.1248918007313187,0.9253685099024743
2.083333333333333,0.033643627079510886,0.02921889795386237,0.029023832157529468,0.03344320473854302,0.037188729502953,0.040897542017251196,0.044169462631184014,0.04598557876795559,-0.004417511467649008,-0.004479873098425463,-0.0025534664358242637,0.003368922379635329,0.007966693135707685,0.012169239264966335,0.015513629138354272,0.0175728591881536,1.096957913728302,1.1189995427753143,1.1282566614052192,0.9649303654847253
2.1666666666666665,0.029675476926583247,0.0272008999996856,0.027619679102219345,0.032256314304215467,0.03598181912507287,0.040084610099003666,0.04294653376514529,0.044970846275335284,-0.008331259962050272,-0.0060804218185952965,-0.0033972095731161387,0.003442155950201923,0.007680697208683286,0.01188519166690239,0.014973116454982985,0.01723337136045556,1.0989812611837515,1.119362856160306,1.1300383908984482,0.929043254208067
2.25,0.030401938474964037,0.030785715056717785,0.031819752999915345,0.03751320064818121,0.04064267211574121,0.04484321761324458,0.04752375966410384,0.04952033227692022,-0.016936829462642466,-0.008358903863155551,-0.00211914804018958,0.0063571583742400685,0.010799337606307295,0.015173063809742792,0.01858762848416624,0.020060000412980613,1.1028298264197334,1.1229132044853072,1.1371434761478614,0.9672490792212105
2.333333333333333,0.031743786579645536,0.03070476479954873,0.031835344846941484,0.03723684254564655,0.04190429384154287,0.04580428528555665,0.04963843527320288,0.05096137593456383,-0.019168500105239086,-0.008497264874662194,-0.0018887533610988964,0.006935686398938667,0.011393649767360845,0.014444270017692233,0.01751217964990979,0.019181823611452018,1.1029920385992136,1.1264222322725734,1.1426284636646515,1.0377292124110926
2.4166666666666665,0.03377463772184415,0.030543635899641996,0.03200474431155434,0.036405666509175774,0.040534483830665304,0.044480635880435736,0.04807236518820553,0.0500854487399946,-0.01859324863208939,-0.010138657901961157,-0.003331264682722334,0.0049175196081816235,0.009559783383682,0.013393583442963413,0.017053434247974706,0.01881848669027549,1.1064025465032987,1.1298940113881328,1.1471399716224395,0.9946866563920747
2.5,0.03424679491789052,0.03420932403740647,0.03630716928310133,0.042028775945285424,0.04699717791895298,0.0511865330403575,0.05407941724760727,0.056332972283896665,-0.015986259131308696,-0.006466246398546373,0.0004565033066272053,0.008392020858191353,0.012932229067730686,0.016826815508192313,0.01910655277080114,0.02139050921280762,1.1129472513459284,1.1370262850649664,1.152307778474416,0.9590350030156366
2.583333333333333,0.03451456544083645,0.033923503254094906,0.03645720753889814,0.041653380864462235,0.04618348140446414,0.052173874394262756,0.05524244495133656,0.057184513224458666,-0.021218667587049416,-0.010200769200187917,-0.0024197032993592,0.006973434889584925,0.0116873220985181,0.01669163645838387,0.019685154990997683,0.02147060114339006,1.1195862008522386,1.1388455381138836,1.1513675131073433,0.9133889170424843
2.6666666666666665,0.038427718910988104,0.03686729118483192,0.038693618145019634,0.044377881699884957,0.04821450882523243,0.05135959772962678,0.0553351720791153,0.056979810576407705,-0.020706619326266783,-0.009533607247196827,-0.001330050043240879,0.007745915830322282,0.012970852205156407,0.016217065583758027,0.019896903288883192,0.02136199436616628,1.1239320630748861,1.1409613353032666,1.1580001137677662,0.9405046659840526
2.75,0.03899462670542707,0.03613948239607284,0.036668184244903354,0.04209772542666356,0.04718342878375023,0.05119724037806163,0.05563379520723613,0.0573971318795931,-0.01872869967027505,-0.008159210136529366,-0.001017441987727874,0.008199546127165558,0.013471153636921541,0.017489384375023277,0.02130476064887871,0.02269985202332789,1.129442611381792,1.1488143617376296,1.1643616815736781,0.9245132084525919
2.833333333333333,0.036476234513358484,0.03227767093334458,0.03374554786921836,0.03918925194379013,0.044806529113365155,0.0503427165429078,0.055294046299654266,0.05723099386406347,-0.01955463683951148,-0.009863168980171885,-0.003202204678881164,0.0056300405343937595,0.01094900314534004,0.01567644794384951,0.019535065598782528,0.02106886606905448,1.1380660683272428,1.1575524626524423,1.178119885279529,0.9374916622015812
2.9166666666666665,0.041749013727693976,0.03622474382773447,0.03618928508342581,0.041947315143407535,0.047672145560344416,0.05308370447194008,0.05797844686598555,0.060740962550802274,-0.00924850955248259,-0.005942788459142644,-0.002081878140299625,0.00517993626095501,0.010138112999967785,0.014574038939713308,0.018731240294531066,0.02079747056863513,1.142212593794073,1.169081184918518,1.1886368020203588,0.9998124316182694
3.0,0.04067812745078679,0.03694778440520123,0.03880025373214632,0.045152056692986435,0.0506541014015871,0.05558855938017927,0.059962188216707714,0.06248223337851076,-0.00459941429046647,-0.00015425562074665892,0.003965362624611872,0.01085571836643298,0.014536651523483666,0.018709736668805276,0.02126863054444436,0.02284625825810448,1.150821156068848,1.1756305708278547,1.1973182941814327,1.0046894172145096
3.083333333333333,0.03206857540453844,0.028838027319055864,0.03078049585789574,0.036800793810078974,0.04253588282599016,0.048245497925409504,0.05207045725474721,0.05483345720091784,-0.007287436241402586,-0.004967406415697551,-0.0013060986538247078,0.004771840723688848,0.009271871213167875,0.01315086796956094,0.016077522777194413,0.017956328170657416,1.154677249000998,1.1851342340311415,1.2072235484493623,1.0191404841678144
3.1666666666666665,0.028429997197838848,0.02399352198522193,0.025466276203051738,0.0331202588607632,0.03885830110790867,0.045537418557474424,0.050014824522238446,0.05340067789380819,-0.014658718998203283,-0.010244635580680408,-0.006325965026461745,0.0019326172085342716,0.007166528074476835,0.01209004334268276,0.01542078960262105,0.017666758586298497,1.157571136001178,1.1908892461584635,1.2102461279108816,0.9997714738997054
3.25,0.026362556178050202,0.022530052460604744,0.024614103333850775,0.03133593649382005,0.038725658848470845,0.04366695381565824,0.04923205688594933,0.051968102577471226,-0.010799631185910178,-0.0092485824229041,-0.005698826434407175,0.0014135572289539567,0.0071845377238213,0.011209657628610488,0.01549152014616167,0.01766851883367377,1.156611946985307,1.1941218581193702,1.2174083319292415,1.1039830581895018
3.333333333333333,0.0271015351454065,0.02710276127580743,0.030631692994909893,0.038128148479222274,0.043436451529745415,0.048672642704954396,0.05311519102334418,0.05533439913408318,-0.024464744383092363,-0.013753419836436723,-0.00606908668242026,0.004054848593118237,0.009095926010131362,0.013821973597164076,0.017550421531567006,0.01983716337324908,1.1587376194447205,1.2007602729377669,1.219500022713568,1.1349163902295478
3.4166666666666665,0.026815426971623025,0.026587718933984445,0.030450171612827696,0.03731180774596366,0.04425909708541627,0.049642194229149755,0.053888613659254,0.056774160362280335,-0.0145513052048933,-0.00767052832539054,-0.0015418380838248618,0.006417726753228217,0.01240623362656203,0.01692824819295954,0.020460135838886517,0.02260086410630621,1.1615407202479164,1.2067662754052184,1.2215114741719497,1.0748786963154773
3.5,0.03059914312889178,0.028340099437914917,0.03080678467835044,0.038745288328415714,0.04498461188260822,0.05047590442417652,0.05651446771805922,0.05837825632509909,-0.0027367251889483333,0.0006972843236203242,0.0044796349787944376,0.011464693275964959,0.015534389570639986,0.020040280867001124,0.02356040534830903,0.025092763727706913,1.1623681198516551,1.2069447255388743,1.2210786328345216,1.0404131607382474
3.583333333333333,0.027708718692894107,0.02860976425929504,0.031775433535573445,0.03972224180756923,0.04500499073462157,0.05024927863168174,0.054099183413287004,0.05570597182705178,-0.016883886216594274,-0.006102082028679038,0.0013310965763481182,0.010542769312059812,0.015035744432099363,0.018537552268632646,0.021386028119970937,0.022459551848921164,1.1661656250289332,1.2108376574879944,1.222341185000879,0.9787079809422969
3.6666666666666665,0.030269293030227087,0.03344708376173284,0.03586263729612759,0.04337319117106849,0.04873173987556414,0.052344089319582336,0.057130112283010924,0.058767440919517355,-0.013064455764446028,0.0002128437005167001,0.0073803514968590455,0.016629746939224744,0.02132518576525645,0.024274786128152932,0.027393130992775957,0.028961339274908883,1.1713371761763152,1.2169282512371102,1.234052918256565,1.0636120402568423
3.75,0.03563831880483817,0.0345668594247346,0.034832586189286856,0.04182628271781781,0.04556017911845843,0.05109116979463715,0.054818083444549116,0.05592465443348259,-0.00252654475817521,0.006334332185663941,0.010799183610570808,0.018262677647330885,0.021651291183325583,0.024900653123915067,0.027225124969577297,0.028139557748797225,1.1733636449875116,1.2236582297032876,1.2441168721981095,1.1724563869250901
3.833333333333333,0.03988863524538384,0.0341754016737052,0.03541689586941269,0.040853339638017745,0.046434717465792,0.05168307578237126,0.055959693993214446,0.05803572308934818,-0.0032619059927718685,0.0063778863896148605,0.013403973590171118,0.020414507066943824,0.024052336145780125,0.02692430022355283,0.028918195949214937,0.02994667020664973,1.1787925513111912,1.230511133303843,1.2506685285988712,1.1872498962514952
3.9166666666666665,0.04019958188381796,0.03468155233130132,0.035219178118908644,0.04111981495986068,0.045302732562065975,0.05117833804912145,0.055015712448630266,0.05806125927752764,-0.002765210722374756,0.006606428774708688,0.01310514165766521,0.020004813808565662,0.02310306069970803,0.025953594724871017,0.027906589729013616,0.029522671775662382,1.182075121710318,1.230768939077861,1.2544475623233438,1.1509133744404283
4.0,0.04668577300721562,0.037571775536663986,0.03600974801110196,0.039717526694895616,0.04513597428929973,0.0496222099111379,0.05357569570686967,0.0559777961645862,0.00044639995274017993,0.011164610722999544,0.01640997876561992,0.022325631775221927,0.024986402055033243,0.02686565313310344,0.027976530554740878,0.028469654357871636,1.1777176385531578,1.221280058773051,1.2478086295127702,1.0880333127942445
4.083333333333333,0.04785386698427145,0.03853280088757623,0.03669091031332639,0.04118531484095902,0.04615734739242283,0.04996385186540947,0.05470925738203926,0.05715409923233252,0.0009329106715594218,0.010846328399186091,0.016265248118977484,0.022694222227987372,0.02529454286797087,0.026965208443282342,0.028415263914179482,0.02926150709591466,1.1859950205524863,1.2222765489928797,1.2535808877631784,1.0608523805368308
4.166666666666666,0.045203858806137,0.036261228250999485,0.03396045047633462,0.038997643091709125,0.043681269659960914,0.049623757735419605,0.053667015020776865,0.05627888002339203,0.000917674018649634,0.010336196489276363,0.015212441152565705,0.021473886716760017,0.023378501881380402,0.025992087229046116,0.026940492863666142,0.027669945827916553,1.1963292697521661,1.228294409354643,1.2612916624768447,1.0308186576291198
4.25,0.042349674998788424,0.03288413555513447,0.03212250785505252,0.03649724837048607,0.04185792830425239,0.04826813773555521,0.052789642940901604,0.05493903322137014,0.007449044960227905,0.012612918339340022,0.016610398702266577,0.02005379274391392,0.02344763044540674,0.02523020634912947,0.02646166981761456,0.027307026384425507,1.2009839469795984,1.234884308851096,1.2712515740945756,1.105756092922057
4.333333333333333,0.045357873655457,0.03490608828774218,0.033534350571807744,0.038069726339510224,0.044406456117176495,0.049288228621633456,0.0549238965400626,0.05716894404167321,0.00498734957699112,0.01205252368467244,0.0166819761908527,0.022185434863490602,0.02433519330919442,0.02579068048623683,0.027448986261884047,0.027821480807297166,1.2028003706623758,1.2416151398014335,1.281489023981604,1.1704620483836958
4.416666666666666,0.041394092599638915,0.03390255529031404,0.032933713863248254,0.037490556119492015,0.04400213654071487,0.0485253942621114,0.05293462071685738,0.05585959229701573,0.006444699815461815,0.015476266191840874,0.02015921972313216,0.02429375757408093,0.026163378226321837,0.026647197868766716,0.02698265168807483,0.02769746518061091,1.2095017499626761,1.2449156448986691,1.2846535374209949,1.105487912542099
4.5,0.04469749526476666,0.03678493867822549,0.036942514853100655,0.04202718419779228,0.04752127973686751,0.05295380564655036,0.05874397412902865,0.06096206995384552,0.007984242750839286,0.0164020171546713,0.021508426882675583,0.026062783330025464,0.02757734486248828,0.028366388306429218,0.029602537213155394,0.030249002049167386,1.2124232278584395,1.2507794685962335,1.2929125724573518,1.1940216453422399
4.583333333333333,0.042565259614977244,0.03333585414765968,0.03252322519171992,0.03885721230965454,0.045214287046526636,0.05147045928171741,0.056932032786104286,0.059273252269060966,0.013684977165334003,0.017329057154766417,0.01983173128934642,0.023474967929275406,0.02541002263625914,0.02665115563404448,0.027646549986971,0.028059100661244445,1.2179392031981886,1.2553657828251854,1.2986409766242437,1.1994133618576577
4.666666666666666,0.0414098557303219,0.03140747498151239,0.030407278064183196,0.03503296976353666,0.04204899272958798,0.04777241708229108,0.0535968718915652,0.05521821740242674,0.011264224892875173,0.014508565204972186,0.01678934325435764,0.019341884097087068,0.02204840802075112,0.023443205463139962,0.024994549775708492,0.024986600273799637,1.221136111890098,1.2602655779123966,1.309638606851792,1.3039030841795638
4.75,0.043064051377012705,0.03294144252537446,0.030810851476170603,0.036948037623770594,0.04174261969429921,0.04696621307711438,0.052462140040883065,0.05561670612636535,0.018396098278934767,0.017867092166805328,0.01860015800850369,0.020966530485804765,0.022426146628632022,0.023858007613242027,0.025083239128826304,0.026368418234008727,1.224536674033062,1.2625761358329448,1.314568296457772,1.3431593563009194
4.833333333333333,0.04147601667272975,0.0322024686058919,0.030285096041650264,0.035629287532468454,0.04120321502419085,0.04682428705579833,0.05239504225366814,0.05427256980681726,0.016354139086886894,0.017131980444676696,0.01791282166668115,0.021291221067179532,0.02328264800074653,0.025150947274233885,0.026800720469302104,0.02772933089237384,1.2253396499695575,1.2647862429576464,1.3164457455189014,1.3021556869598585
4.916666666666666,0.03640701685425993,0.02726446355768493,0.026742715960602674,0.032489405897123194,0.03869420895990581,0.04508420473347452,0.05136365226195842,0.05415652098810621,0.017512250584787416,0.01541034183168002,0.015695671658743252,0.018525881677920075,0.021065844789266437,0.02294799359641587,0.025680311032400767,0.026380160705486922,1.2250842950830447,1.2632273005946975,1.3178238159611566,1.3452799762707994
5.0,0.03468262089847117,0.024878558573946594,0.02406003021514614,0.02921977080300659,0.03551042229669617,0.042921611947119305,0.04807792023721694,0.05127832012116178,0.014689699429030038,0.01200915153390322,0.012370285780248558,0.015480149768480644,0.018434619902489294,0.021857785071032854,0.0236052448028385,0.024983895818300565,1.2257174882633164,1.2635937033188065,1.3191194176532235,1.3598116611204674
5.083333333333333,0.031356532455230665,0.02531169075851594,0.024916335880679378,0.030555413419856667,0.037838609400291476,0.042980007816995555,0.04770551026224896,0.05128328843223108,0.012416121532968151,0.012658763137131542,0.01404229746788908,0.016948639820070197,0.020008524009921442,0.02232760486362637,0.023330562433731467,0.024444836403181104,1.2276407524153963,1.26345996255954,1.3238394837054897,1.3635754681282595
5.166666666666666,0.034032180620466784,0.026856755768417374,0.027427703505721653,0.03244260483984947,0.03858844899005509,0.04387321776897837,0.04787007752159962,0.05112876546095499,0.012533078250221066,0.012936230264043596,0.014739910646496936,0.017403095030738117,0.020309946133507253,0.02208045303090774,0.023524993127762742,0.02458342438437206,1.225013371369334,1.2612613517035491,1.3248893198610394,1.4287524836232184
5.25,0.03523309486987013,0.02899834813870347,0.028543937070117067,0.03394967752904121,0.038504021928271535,0.04323048956908214,0.046621674207414296,0.04889608689879682,0.01449217777759596,0.0176602528203327,0.019619675937102652,0.02177013922457991,0.022777174731247816,0.02315837778422072,0.02314426201330164,0.02354298870651417,1.2259916273938318,1.263568285955166,1.330496367961319,1.5045693836027918
5.333333333333333,0.03876042425839292,0.03208146891170304,0.032125373148835366,0.035664835581146755,0.04101297487408634,0.04553390594555751,0.04984738857422763,0.051241782292782895,0.00399551634748233,0.01405513125887016,0.019796808120611607,0.023297989354929865,0.025225172974033525,0.02627762370878406,0.02698813067353214,0.0265660031900396,1.2339701370940055,1.2736860274060962,1.3433785968643344,1.5487527835119845
5.416666666666666,0.030185253520879522,0.025872198745099925,0.027185142037919174,0.032744071093745684,0.03871279189363548,0.04324092940809251,0.04851876930145507,0.050959065178078425,0.006054793559122396,0.01336099077006878,0.01740596324346603,0.021316200134775556,0.023150790380510027,0.023599651202812613,0.02528781600755195,0.025586804459478623,1.2415504781597997,1.2828340212691351,1.3544519395617158,1.5948390624222613
5.5,0.0226650189503562,0.021917520812504566,0.023469550215127463,0.031599368959589993,0.03799397621503345,0.042418317321004,0.047348967809050256,0.050109605168778,0.0023151618985909122,0.008673565078132613,0.011920452206229077,0.016682883748077994,0.01981184859595928,0.021156663208984582,0.022861349029476046,0.023781904361595326,1.2419515702172113,1.2862821691955693,1.358602228210462,1.6507751987962491
5.583333333333333,0.02145767634332705,0.022236069436822704,0.02587075719482513,0.033682396055693925,0.0395200574135994,0.04480226347584279,0.04924674831692188,0.05203145854668473,0.014473316861774643,0.015406191641638622,0.016754568789858783,0.0201844037041691,0.022458527525532745,0.024679136110409783,0.026547800923353196,0.027427286536622245,1.2401008641781732,1.2880875295010679,1.364006144459115,1.749806770316799
5.666666666666666,0.023013464716233056,0.024666081801142013,0.0285409914574834,0.03606203260252841,0.041502758877241086,0.047246380192709825,0.05156045542183305,0.054259563679335855,0.013615692908886754,0.015842410651582817,0.01770961423748569,0.021716046406080696,0.024066802864198752,0.02657008906200812,0.028358905072811073,0.02956327928892699,1.2450193676011025,1.292947138633299,1.373655504310901,1.7887692745463373
5.75,0.03221439293618451,0.03284341628074502,0.03629943748477542,0.04174861261630203,0.046800714488341486,0.05025351587075877,0.05456724099949231,0.05687195469783855,0.021754436468185683,0.02253939051351216,0.024518392157772597,0.026727999124931463,0.028442876484999883,0.029609040957272806,0.030964021834059705,0.03204589252739235,1.2434150582912278,1.2927804241992065,1.3762367461107385,1.8212422246779814
5.833333333333333,0.03279239027202314,0.03044944873139575,0.03176552184361392,0.03873682740880113,0.04353213963010234,0.04779037144051046,0.05240691159870088,0.05416982633837694,0.02199469182728062,0.022099437408065817,0.02321486910245416,0.025556156926143186,0.026803756156390034,0.02770655233149148,0.029107541836756477,0.029513097582409876,1.2420053860827804,1.293294558911329,1.3764896569778176,1.8486217538780878
5.916666666666666,0.031839605571414006,0.03387647473564951,0.03740873619229247,0.04425545469392168,0.04877160927115483,0.052968627426970685,0.05595616796414998,0.05920381691756474,0.011832492742770402,0.01992778809727717,0.024172942040612377,0.02759300261608855,0.029137523099375184,0.029764534598566702,0.029659269395543503,0.031140263996697455,1.2471759448593724,1.3029641291521623,1.3855405724325556,1.8368622749365315
6.0,0.03453821322120794,0.03415692662387135,0.037670189883986925,0.042518812652982005,0.04634060523702091,0.04985460061450198,0.05244018194202413,0.05404337810409728,0.025068155604479222,0.028029506341495394,0.02974854822515121,0.03062437706478584,0.03161992952206572,0.0317475335223059,0.031322839801660174,0.031540209644435595,1.2481219829034071,1.308450902095018,1.3912120469227371,1.8601415560804362
6.083333333333333,0.029590731476076847,0.029736793939620358,0.0326326818210287,0.038450252114040344,0.04135507591586783,0.04533506564658346,0.047976004573101236,0.0488701962978704,0.02807132853275028,0.02918765864461184,0.02986709159733768,0.029860908776106556,0.029323502959042007,0.028933727233254842,0.02856257737562019,0.028358993331591347,1.2488346917576414,1.305402781242393,1.3888618752044608,1.8766796814353188
6.166666666666666,0.03394037192279206,0.03312400719590455,0.03488511904455444,0.039416753144437766,0.04357446946497001,0.04619306765375168,0.04994042507655652,0.05123253237885626,0.03992845601220741,0.03524759931469385,0.033177152516449385,0.031452451824204336,0.031625964368271746,0.030731073473405774,0.03151360911530058,0.03156158300453849,1.2522708662561268,1.307383554471266,1.394432449172542,1.944429390671288
6.25,0.03491643941564394,0.033628533897141065,0.036187576609464187,0.03921078106917798,0.042263607190432026,0.04489264240122556,0.047448866048412794,0.048430745999590345,0.047507501727804644,0.03855957475877114,0.03501816496583141,0.03207982380703045,0.031095621151119843,0.03098177496565554,0.03143021144329217,0.031193685988161392,1.2554034587167084,1.3100395435331993,1.3939372223366475,1.903906309645297
6.333333333333333,0.03385328485627791,0.03418362441390091,0.03680893848765733,0.04085896120287488,0.043281216875028464,0.045752555176077264,0.04819720972450904,0.049161676516544114,0.04277273766998891,0.03618039554383925,0.03351852901156275,0.03163705247684892,0.03155055734974879,0.03140048245870186,0.03185861090193318,0.03232297822945923,1.2502792232502717,1.302013161183461,1.3847141801800835,1.865866140106436
6.416666666666666,0.03540769904081558,0.0330847082317991,0.033563817573580124,0.036113671573793055,0.03905407595891784,0.04159496215724359,0.04324638097551508,0.044558203878389116,0.03528729688536749,0.028353763241928454,0.02554436517001129,0.024318107258665404,0.025054367036669512,0.025303428340213423,0.026173077308638243,0.026539301817681955,1.2487869571459398,1.3030388197485638,1.3883258241652625,1.943907166197786
6.5,0.036316741013316396,0.034246622253839835,0.034940084325802465,0.03714739744821316,0.039438255889299695,0.04131680275785832,0.04346787018189901,0.04471966729898949,0.03546984173078218,0.026989681478625512,0.024007299143443687,0.022474844942060212,0.023062243365908123,0.023679379335472504,0.024992064362574836,0.024921966002638244,1.2462619900396694,1.29726989647379,1.3813885667644208,1.8898651651001401
6.583333333333333,0.047284442106058734,0.0413632630649057,0.04035870299538935,0.04041797943649403,0.04186615117954735,0.04368321850779393,0.04555965105346027,0.044863988332658415,0.0402753270825971,0.029168175567995305,0.025410657290523442,0.023446877012335714,0.023534282122278344,0.02478500021927065,0.025964520769359418,0.02559392762467726,1.2472484913352124,1.2950471684047988,1.3801087572860944,1.8040687050476805
6.666666666666666,0.04347696737048902,0.03758341993098165,0.036739587625383395,0.038330796868031064,0.03942575437863984,0.0408435527184791,0.04341013063708471,0.0452346973642298,0.025920770611210116,0.020469040582234532,0.01907350699038875,0.01929084762889278,0.019290399408256075,0.019919782858997908,0.020896579097745227,0.021840817628207766,1.2480255816082488,1.2940399340104514,1.381444062991385,1.8184044875805438
6.75,0.04030669096069496,0.03472527871812296,0.03399049591354265,0.03550110430999259,0.03736750792510157,0.03935371671771811,0.04213329170539245,0.04297060838546632,0.01782212273990692,0.014114852742805323,0.01400049559147503,0.015464891831024286,0.016768711921927568,0.018381511775473085,0.020878775113892665,0.0216015745396519,1.2482517269532314,1.2976885331251047,1.387471152575892,1.9456907701657549
6.833333333333333,0.04204545384847113,0.03393679653974696,0.03214350384008489,0.03430571756137336,0.037509160209280606,0.041180279804641035,0.0440557047540672,0.04474835776880602,0.024959490179959253,0.017266424295665137,0.015106893680940451,0.015404665247923046,0.017156022769230544,0.019366567433247345,0.02097185354873856,0.021378444664021026,1.2453065805584898,1.2963809167643148,1.389515731945101,2.033306927893062
6.916666666666666,0.04259799193150876,0.03318542362792365,0.0311822956721134,0.03328886006718954,0.03705345467472919,0.040905586846787745,0.04427996716672525,0.04602187947537429,0.02903985345957617,0.020748274659581695,0.01807770866459906,0.018181396525591965,0.018976784484528195,0.021038480228679622,0.022558182153154836,0.02314287870327768,1.2441151062087141,1.3001085386947147,1.3944100121202712,2.0533915849306057
7.0,0.042401069287329965,0.032533834841365725,0.029129513292229924,0.03313596383581463,0.03792766737570252,0.04346950385018222,0.04734452730394491,0.04958307849194025,0.03360400322683368,0.023109048871631267,0.018203455352679594,0.018489672895695478,0.020606791337280612,0.02291348658075468,0.025089972666900207,0.025941300443720505,1.2447953343078668,1.3030107329753922,1.3998798484573665,2.1128337544557603
7.083333333333333,0.04191952738934107,0.03097542283969107,0.027921406016510386,0.031471437810398496,0.035756964786916645,0.04046716812336284,0.04520293472277015,0.04655456835231453,0.03231802110815082,0.01981552801654618,0.015275118841551616,0.016074250035896805,0.018285042364652313,0.02086249800461997,0.023472798775157167,0.025001036024859397,1.243301720270397,1.3007223229433242,1.401225203286239,2.254209418697412
7.166666666666666,0.046440197558850566,0.034661090789279425,0.031602261825100404,0.03418268666163177,0.03778209936265825,0.04213889841571718,0.04529385581357886,0.04816597140811592,0.030650896603409902,0.02018937577556575,0.016399688219276107,0.01709348009052081,0.019070960966219904,0.02171191531761222,0.023774275833900477,0.02540851035163185,1.2417567915433998,1.3009925208410658,1.4019260577675137,2.2724393550436814
7.25,0.04762939651124147,0.036225337177821976,0.033024749522228225,0.0355007890708062,0.04102720038057425,0.045163169319084207,0.04993321082626624,0.05093810915420814,0.028078593187305295,0.019471805391890768,0.0170566636146103,0.018356293073616508,0.021833265298166194,0.024623638591891987,0.02743337829382719,0.028008376782205812,1.2490548689474932,1.3119919614912492,1.4112385920665618,2.141934457819648
7.333333333333333,0.05292767736575499,0.04071591881440703,0.037695400004559454,0.03932488633639257,0.042922042734227915,0.04644350500681513,0.04979874781549503,0.051933500854296294,0.0331885593339126,0.023026407243215568,0.0201401054771663,0.02080283475230065,0.023744235893798486,0.026128677807588284,0.029011738401568492,0.030184367117599302,1.2487011279546745,1.3154020452815394,1.4142939562427985,2.152983368507806
7.416666666666666,0.05447361101498849,0.040113627763131585,0.03571346738867246,0.03641952513854245,0.03825171707678176,0.043138294345097895,0.04602447133106288,0.047226631105702424,0.033305727422436426,0.022606234781733316,0.02014820506452214,0.0205275575432127,0.022147267063649882,0.025195669491058233,0.027341238497264456,0.028385797380508244,1.249633569590724,1.3160847638643662,1.4218559282036751,2.2607956392179847
7.5,0.04921881613439155,0.03630940921753356,0.03299972115495833,0.033477348409441755,0.03623541523281673,0.03981936563221345,0.042423391355207216,0.04448869894999298,0.029115460514291473,0.01873878132019068,0.016188113561654296,0.016371441954779128,0.019060754654617994,0.021579236863831803,0.02420826158738155,0.026018621811460176,1.2525046409901242,1.3205191394868363,1.4274376887141007,2.3858172921836363
7.583333333333333,0.047686339403452814,0.03559237104386051,0.031869850027386945,0.03371330445310114,0.03777210357073933,0.04246079295566603,0.04616886982457265,0.04819071297464817,0.026891008165445818,0.019558587256780016,0.01792843051730975,0.01992902081595564,0.022807925891611788,0.026135318815466033,0.029018552538547168,0.030462504535473396,1.2468834892478355,1.3147844403214612,1.4228279834954671,2.3358976301985876
7.666666666666666,0.04832745125141327,0.03513769649305167,0.03212439892237738,0.033881674893096736,0.03709789144693888,0.04204461673009979,0.04533931210801345,0.04747234144311663,0.02481248082222109,0.0191989793576036,0.01848852497674347,0.020535281558341306,0.022693891603625085,0.02599862930064801,0.027934563825154798,0.029724665969988608,1.2514796428646733,1.3239459077937994,1.4341522746780437,2.459876846346402
7.75,0.04762837814315875,0.03614318357270377,0.032749547885922686,0.0355044910517126,0.03754359130927513,0.04239378298622763,0.04670273465998571,0.04765188566921978,0.022109075339673715,0.019414624442562315,0.019874764906492752,0.022921173175225767,0.02475865571085618,0.02735778497406863,0.02969757966800458,0.03042227921539994,1.2521234286278369,1.3195410953814581,1.4322464967606663,2.3863941614894686
7.833333333333333,0.0398242254512466,0.03052530952472749,0.028530224874799916,0.03234886510220722,0.036938295685846854,0.04202600886803026,0.04672741206596017,0.04890340794101192,0.01591513647359996,0.015804471749048768,0.017131629143658754,0.02075352804429033,0.023491751387087936,0.026396260985072303,0.028578444208580606,0.029892307907425975,1.252449062584715,1.3125577454925854,1.4312581107228735,2.4773042335822515
7.916666666666666,0.042997670871622415,0.034155744362255214,0.03199126220831461,0.03541404296848723,0.03952138382123795,0.044087505718630376,0.048101205542650585,0.050235861843414206,0.006808447160810389,0.011250288214265521,0.014957206652089624,0.02100727245847763,0.024473501559040444,0.0275860723573925,0.030546221150451677,0.03185436428507212,1.2541277302710232,1.3129137413368517,1.4317878475459425,2.410346329367277
8.0,0.035370849537529996,0.030197243775313312,0.028852009759158484,0.03324306621330088,0.037591971111772524,0.04083237605596349,0.044663359774480445,0.04629858858487517,0.009405147870624493,0.01376144276114182,0.017568689726036688,0.02242901231659458,0.025246066793908714,0.027335213642384646,0.029531984040065185,0.030568542833588938,1.2579433709144523,1.3175269750732992,1.4418386096724474,2.6471705504250567
8.083333333333332,0.029660122117849894,0.026602727008963156,0.029091226937632775,0.03424863164872782,0.03777261231405914,0.041784479521374554,0.04605311710548865,0.047944589492160364,0.0026504324212872615,0.0090607119069484,0.014537379160214811,0.02118044618730705,0.02395962223241203,0.026690957244034426,0.02923328110283681,0.030356776377489864,1.2584222101372249,1.3236877413389783,1.4539685591562705,3.0047479242894837
8.166666666666666,0.02739287223401172,0.028647527857669254,0.03185315180403347,0.037483941954912045,0.04129788873112082,0.044235150996133586,0.04664502121153302,0.04876842731190907,0.0055759851925164935,0.014400447255262839,0.020434175051801243,0.025981076510118842,0.028326663211872948,0.03029458351201613,0.031870398773591116,0.03252875839261097,1.2627159409436632,1.3294616067150091,1.4588718848873685,2.9897080044608013
8.25,0.028975896829504334,0.029032588119068274,0.03136577605789278,0.036361003048302386,0.03996319917276947,0.04321426037695822,0.046937935408541576,0.04775153228263031,0.0010878082213467409,0.012082014770836405,0.01794463418187919,0.024004762081504195,0.026674991740302273,0.02854041170907763,0.030323546130473913,0.030723404402970562,1.266849112769589,1.3320763984683128,1.4622881427669787,2.9365345943182026
8.333333333333332,0.032038342961273523,0.031092379239446896,0.03350292697523696,0.037854924615610824,0.041029446555611096,0.043833414851252375,0.047443697886867905,0.04817096050362364,-0.0019759414175850305,0.010586075293964098,0.017662880541191327,0.024459765608781017,0.027012296227519203,0.028502874866157976,0.030696874315908312,0.030813504862173137,1.2673732964444966,1.329628365713947,1.459360906580683,2.7454629438560114
8.416666666666666,0.03330309223256733,0.030816315952231603,0.03294872523931744,0.038388349804081456,0.043088281371067544,0.04707928092378122,0.0508061556600098,0.052455943511680855,-0.0026480248979296873,0.009860118117370871,0.01725183957745637,0.024155187426344815,0.027093382463950513,0.029006364931296054,0.030395839134498285,0.0308084250065054,1.274642306302416,1.3382532381819099,1.4695789753051107,2.6808645980940717
8.5,0.028148162972310597,0.0264930029480928,0.02865799267316,0.03463101891830336,0.04072968706659728,0.046166850162913595,0.04957390320227255,0.05218531605365531,-0.008672157864181594,0.0021154602377965793,0.009244742028976594,0.017078248591872052,0.021676281869167053,0.02519589174510322,0.027316499500345454,0.028695904091665284,1.2772622017921795,1.3411593268070034,1.479188490539035,2.9668223646517724
8.583333333333332,0.03012364692121831,0.025811306954904894,0.027225346742810096,0.03390233777546913,0.039683612838916,0.04489324268600209,0.04913993596270674,0.051785942647183815,-0.0003622205834159853,0.007707808295019026,0.012873757838251022,0.019739171553461485,0.022941949835904796,0.025624227307742782,0.027467657616687697,0.028607283077796294,1.2858532450206648,1.349078970415788,1.4877560130341763,2.874910066554505
8.666666666666666,0.028117838046357334,0.024741030390347564,0.027891944275280193,0.034316919577990754,0.040780071190756245,0.04556257583847951,0.04999759462151171,0.05219310280858039,-0.006995235330903273,0.0020397994239823676,0.009087559911961338,0.015949481948735723,0.020503220539100926,0.02320666032367769,0.024902900961429778,0.026082795698646462,1.2893074663482198,1.3490080595206493,1.4907222401915037,2.8221376284076483
8.75,0.03119021469512786,0.028239155311839965,0.029137347371062047,0.036017072520101376,0.041765147177702314,0.04801581530091144,0.052053141478913365,0.054371071308526586,-0.01609339320166292,-0.001754358572496961,0.005912347786744554,0.014715881042541658,0.019159273902535964,0.022568248272538602,0.0249348803394014,0.026268134963448042,1.2901575018259177,1.3514268542588634,1.4959845041990443,2.90998558733455
8.833333333333332,0.02687556550350482,0.026725426548538555,0.02991938963818616,0.035673920203309506,0.04103612738582095,0.046158452077526946,0.050126661116185856,0.05226275477725144,-0.002739232884605234,0.005413430282147947,0.011777793150159694,0.01783847931274874,0.020952903308851502,0.02422466136233343,0.026551069502811005,0.027406943673355968,1.2959059880783488,1.3537230663535067,1.4998702587427784,2.891542791376744
8.916666666666666,0.033877502469400245,0.033069843419453335,0.03501492423033651,0.040564249927463825,0.0448229720609775,0.04904421668806783,0.052095526178709245,0.05412115311643105,-0.006685592812466772,0.004161797363058607,0.010785750536904379,0.01776790585729098,0.021471668389570698,0.02450714878491151,0.026579484174116753,0.027601151185413182,1.3039096784420663,1.3608140114384588,1.5131640247183658,3.052910279521589
9.0,0.038319194275199996,0.035448027564125635,0.03632036815810613,0.04137229209322982,0.04591405900867108,0.04967363906964893,0.054133227810352194,0.05606902894296331,-0.0013022530263736318,0.007091454216262602,0.012339545273676533,0.020028920537532344,0.02427570297914855,0.026783446421574594,0.029597691149450364,0.031128189670645602,1.3066968128957408,1.3643333457875033,1.5150263281940888,2.941534020486455
9.083333333333332,0.0343770669678467,0.03193851093412091,0.03392534409450858,0.039141339468552486,0.04483466069572788,0.04974462719769636,0.05324370335535168,0.05525363256619831,0.00870657580586733,0.014315437890418031,0.018536838053494844,0.023564719792854995,0.02707060483963859,0.030021197025630296,0.031560364332986535,0.03248025008394678,1.3101718838215413,1.3683726716447675,1.5207429057377841,2.9678937749484082
9.166666666666666,0.03401848195391235,0.03295011461150855,0.03493787402790369,0.040303550554044595,0.04565369206718138,0.05024270774598527,0.054312104753583335,0.056184069661726455,-0.002749398973655053,0.010700211986383735,0.01806677762497483,0.025589336932934404,0.028378829191181006,0.030332407105394844,0.031553167041346544,0.03284819929149718,1.317289709276153,1.3783461700804187,1.5330750878401445,3.00369503515246
9.25,0.036287773171005004,0.03395004862001315,0.035121641575901155,0.04065411528124186,0.044955465694874595,0.049543293355983,0.05305604872140428,0.05558318254892848,0.0030112701963896887,0.012762560871772903,0.01917290048055983,0.025039047145495364,0.02788832772874966,0.030074395013941643,0.03149514121635631,0.03288958904326053,1.316556524384595,1.3789100361510067,1.5379907188299526,3.0448633835769314
9.333333333333332,0.025397642087093327,0.02768778112907536,0.031238538388499874,0.038317606766035905,0.042478938413615205,0.04719651538743912,0.0507376891599573,0.052018742366528675,-0.006739618170188974,0.005143989113679946,0.01215365978890508,0.0204009774312708,0.02415327943437678,0.026991495071691327,0.029050388119590206,0.030135282713966528,1.3226080664224973,1.3892995153316756,1.5510787479608257,2.9967509989554775
9.416666666666666,0.032310684191875945,0.03357749100692551,0.037085715471552594,0.042123014819077556,0.04647486201895736,0.05083875480360564,0.05437094578312232,0.05495564256193571,-0.004392497901326434,0.005500857645313643,0.01243895400848201,0.019980807025892656,0.02438535156476777,0.027982172979141812,0.030432751589551405,0.031501199903377464,1.3273785640387183,1.3903154479299136,1.551542945132868,3.002235104802862
9.5,0.03514504727876867,0.038100623098062794,0.04099589176187015,0.04606158943261322,0.04974200806423522,0.05251224068829109,0.05441152801362342,0.05666375905416479,0.00013834648322900287,0.011854552992868427,0.018758749829251967,0.025429152373943092,0.02844939366782706,0.030681113106695194,0.03198785980554019,0.032780368557539415,1.329250135993,1.390678973286676,1.554538968798089,2.9780689071628466
9.583333333333332,0.03427064552557357,0.037215543117508326,0.04086996939146038,0.045618324187985615,0.048551592199758936,0.05179281715806519,0.054095397999747635,0.054387135894675594,0.006507193209394953,0.013864152106381578,0.018673875055912118,0.024279588625502085,0.026679490127296465,0.029116626318065178,0.030633871846551274,0.03095199898436421,1.3294074178764281,1.3896963023365685,1.556068269386694,3.20739390144602
9.666666666666666,0.03142649968269797,0.03598650203383508,0.04032732290717621,0.045602158184964575,0.04891650138267928,0.051433459229817964,0.052980593652909413,0.054234272371270015,0.005583955789916411,0.012932688459490225,0.017240015162224336,0.023043086707609416,0.02555071274639399,0.028033831204520895,0.029466018951894143,0.03022171075676995,1.3328195330343826,1.3926209927136237,1.559654997779861,3.243929412951018
9.75,0.03609876142656516,0.038141433283088416,0.04037936572929786,0.04518321006811661,0.04886599280460968,0.052065734583657194,0.054716441056287896,0.05536168971640028,0.00808029105269264,0.014275586526916368,0.018394279915434682,0.023238304426024984,0.026167690594694756,0.028557191279493164,0.030251876106626295,0.031198465461810456,1.3351849488728404,1.3981622852376048,1.5698476731552933,3.332657819124834
9.833333333333332,0.04026819894748753,0.04072091717744382,0.04215553596588353,0.047644258323700915,0.05181517255900364,0.05440677954955044,0.05800559675893108,0.05942270874648921,0.00705738819030816,0.011434497397581128,0.014687694292311041,0.021113937363601235,0.025185225627802996,0.028445505385973055,0.031107406385157757,0.03245552197571393,1.3437656934143034,1.4048638986110842,1.5782753078813105,3.355853232526532
9.916666666666666,0.04100251087366913,0.04198314108588575,0.04489771167132825,0.0502653173621084,0.05386390423137327,0.056636796990092025,0.05845618743197603,0.06014859105525683,0.022756726385322532,0.01982403737386847,0.020546568576970223,0.02403413821990945,0.02745809304304406,0.03019682873683344,0.032388311124055755,0.03383682607888315,1.3506787342490776,1.406610357633651,1.579927632767564,3.404719460818033
10.0,0.040621077103794756,0.043759567992316714,0.047366892098953756,0.05122786423710749,0.05552673196574006,0.05758420135177514,0.06004077223675177,0.060969833192120876,0.02483349323617049,0.023046373141833436,0.02407905470649586,0.026387535736258915,0.029697756749772916,0.03200347615718483,0.03420700426086703,0.034904009523730274,1.3552541441223611,1.411806167015152,1.5848941076497953,3.374344839772681
10.083333333333332,0.040337757695917374,0.04029855856374325,0.043420259379270076,0.048872737158597135,0.05284582912869247,0.05521949520667672,0.0584353452819075,0.06037792483696887,0.014629956235592071,0.014001663166719651,0.016200794833874467,0.02142779684507072,0.02552063228846998,0.02858370594913498,0.03186382383980918,0.0334855152052584,1.3562201005757781,1.4148849862380861,1.592691163714429,3.513860087193129
10.166666666666666,0.038893921071327255,0.04035804691160922,0.04267548730359169,0.0469230012100985,0.050015312318183465,0.05296269617212743,0.05603524389603012,0.05686958013875767,0.01325392164756035,0.013843706254234716,0.015587099377132695,0.020605920236927665,0.024292526655985122,0.027717353325614553,0.030870595323303385,0.03231661616050205,1.3530558514488984,1.4135379320446593,1.5965938633981422,3.7100110564302344
10.25,0.041566060623215384,0.039139756262375966,0.04073418935917697,0.04554130062742635,0.048856034915179106,0.053464412305288436,0.05584576141116501,0.05769789841085614,0.012851715467036466,0.012456372256916303,0.014676125140247277,0.019946883908521645,0.023433306812590735,0.027285519263040733,0.029761925753968747,0.03170605980593168,1.3552875105507323,1.4156176969926262,1.5993453771957769,3.5476700742811516
10.333333333333332,0.04373292282593817,0.04363551583317575,0.04498171430086283,0.049300041913193274,0.05270907545972848,0.05465780240149384,0.05669624150832854,0.05818740289542272,0.0027597749670532253,0.009061048587850052,0.014208304727541648,0.021373191812869567,0.025261860740507635,0.02843177580129891,0.030704951038607566,0.03240657100313411,1.357553511041254,1.4171121390312642,1.5966085045060698,3.3650620776616034
10.416666666666666,0.04364133653444784,0.04150315484563221,0.04212329232619681,0.04557840910557348,0.04874077335102557,0.05202712921546928,0.05396590613558125,0.055343412202245146,0.0031327778139416135,0.009742073454644895,0.014251589177370088,0.021096298317512814,0.02514756017589561,0.0285329417408209,0.03046899725882714,0.03229505736192236,1.3599141670358967,1.4199448985219632,1.603740551289864,3.5437393418193817
10.5,0.047674442410251164,0.043906077707217835,0.04439635802262934,0.04868679071558644,0.05225564816449031,0.05559958070118691,0.05914408905088746,0.06147102074184453,0.005235647478167146,0.008804315746053669,0.012819856003849436,0.019743101759953186,0.024119150871618887,0.028078690086926098,0.03197429073550882,0.034099804065552124,1.3607221785480572,1.4232299325902387,1.6129123820606168,3.6475483756772396
10.583333333333332,0.04563896617233064,0.04330737407413396,0.04520445585134819,0.04980191663169259,0.05379928756702862,0.058036591024210445,0.06151825306119556,0.06265109831158247,0.00229214731527121,0.007678664827873003,0.012753476486943801,0.020541884249413594,0.025277656099726705,0.029733446937616145,0.0337595841127584,0.0349106401473126,1.3674910145850045,1.4242686429250995,1.614763812741829,3.542989239534621
10.666666666666666,0.05072752752958006,0.04745039153499954,0.04907492153437825,0.052806920708520985,0.05687883998450613,0.06110158143988227,0.06318991388691088,0.06524459277651758,-0.002123685901424239,0.009141890687385757,0.016982873766873983,0.024533329316535766,0.02916960505976375,0.0320667397932646,0.03442604823365627,0.03609923314600582,1.3742856334699807,1.4305414239678036,1.6212135379332622,3.380938401847646
10.75,0.04975618545584516,0.049127066373726005,0.05025974608233736,0.05517747469463136,0.058602648833346815,0.06139455691192203,0.06468854352000229,0.06464047524055909,0.007846760635674358,0.016318590282003272,0.0216693317048612,0.027958256720906495,0.0308562342360105,0.03323555394818791,0.03506149782721615,0.03567096223579452,1.3807875416541113,1.433705177191503,1.6335410780578161,3.8345932351965
10.833333333333332,0.051156836675619176,0.04854243962850057,0.04924529280815647,0.05273543476970356,0.0566350692606719,0.06028679258571565,0.06368213508042483,0.06501632448084445,0.002188200741344353,0.01146368489838278,0.017562328113927182,0.024315933430944306,0.028282807707826072,0.03113000117667463,0.033711633440258744,0.034717268946826564,1.3843649866028251,1.4363146345991509,1.6399800917667369,3.8698944626996794
10.916666666666666,0.04962542428675491,0.04543586011673781,0.04632654160921552,0.050986794405101135,0.055286068212161525,0.05987508874916758,0.0631400763629366,0.0657100588329635,0.0005837684387561658,0.009441862140253623,0.015446154145876799,0.022809721499938453,0.026559448547136936,0.029720246323919883,0.03209723274784775,0.03346029782219733,1.3919870788056168,1.4447373920673743,1.6530679318075387,4.10720291710307
11.0,0.051145717905224056,0.04673251039410008,0.047252191722508274,0.05062561147035091,0.054587550152273775,0.05860968431048602,0.06092315489695735,0.061784920675357444,0.0004077428498101722,0.00984591670387981,0.016337532852533605,0.022986647927592235,0.02658597312491823,0.029344040845669127,0.030868002031696432,0.03140903265976467,1.39451387391775,1.450237953155223,1.6600900113742645,4.072754233984322
11.083333333333332,0.04792522825643433,0.044282795535565606,0.044887566192000586,0.04982837143513989,0.053403149119866745,0.05774367098686294,0.06203119867935539,0.06309094965422168,-0.006018619067668834,0.004824730863652648,0.011711850277086067,0.0198519222386447,0.02399494457149612,0.027211908695309327,0.030411229689156334,0.031452657386597076,1.402626077578085,1.4651600102855942,1.6745171332842732,3.9884242821199725
11.166666666666666,0.04696437772759517,0.04226174564446471,0.04235586466274516,0.047107269608986986,0.05144442327232103,0.0555737321564838,0.0598261273779971,0.061781220220408634,0.00032581938422816077,0.008682400241862384,0.014223939974234486,0.021050582851314906,0.024801935837145187,0.027674550118775378,0.030323049704088195,0.031248142340316715,1.4050933652159945,1.4715570741843402,1.685099689189858,4.0458945615136015
11.25,0.04255668018204776,0.03749757962034827,0.037876687034144575,0.04230502816960596,0.046373497513407996,0.05080114667678849,0.05464197030893107,0.055993888408275835,0.001327200903762797,0.008146164664423555,0.01227198920327207,0.018421006199080412,0.02151990665704893,0.024648194643821154,0.026967186112761738,0.02758974767072983,1.4095187326263434,1.4770107103511534,1.6939073691070337,4.067353006876905
11.333333333333332,0.03725906287677425,0.03139581144687326,0.031177241577589603,0.03594780645391584,0.04113871316537843,0.045885411414617085,0.049711936078761745,0.051948257191153924,0.005957872106237136,0.009544908361240872,0.012384426630973302,0.01695343852352654,0.020266038807544195,0.02275672140131293,0.0249173949347765,0.025931609752935215,1.4170668717634503,1.4838810337741017,1.705246063783647,4.022186839769076
11.416666666666666,0.03738879018151109,0.03459138423116324,0.03531057521445298,0.0403551709959111,0.045874612763131886,0.05028930623112342,0.054903688266558934,0.056098691392860445,0.007218009521544836,0.01237885114889123,0.015814261626920307,0.020156596174558516,0.023493156644491024,0.02585161568864733,0.028078782749790112,0.027939852336189713,1.4229706401705366,1.4892450163203228,1.7133070684706717,3.9819982349165275
11.5,0.030807819100464262,0.028477809160686186,0.03156769829778334,0.03779815427451189,0.04430200472374678,0.04867317471652833,0.05283958993497652,0.05537627907294325,-0.009554058329261601,0.002220972763066798,0.010168747761426606,0.01729800041400337,0.0213006724496001,0.0231145894875763,0.024781425784949535,0.026028900886145658,1.424134899902311,1.4876026849761412,1.7092862615384852,3.8408430421520308
11.583333333333332,0.031146949439612322,0.029831719171684524,0.03130486718772412,0.03766232637238467,0.04269236563861814,0.04794547055882944,0.05196464355315791,0.0539727288200932,-0.00879212656048851,0.0024158870270064334,0.00839122984070371,0.016347848320575415,0.019572469411331513,0.022944754266216887,0.025736021541571296,0.026565981934620085,1.423262861360227,1.4834105956834138,1.7093642894531464,3.978015969776898
11.666666666666666,0.03117115028083563,0.028729951848183825,0.030635537587837467,0.035531836251460946,0.039886033468034376,0.044926258100739386,0.04756040586792372,0.0500664444190653,-0.0013034476464735443,0.006970032911055952,0.011991741844066331,0.017541204828857435,0.019755339709284156,0.022304846458535497,0.023084982078157883,0.024405115169777773,1.427763292527934,1.4851066678962843,1.709948746753097,3.946947653030194
11.75,0.029602233555656936,0.02934272205758686,0.03087031129819063,0.0370656444304441,0.04206314498517094,0.04614708572050358,0.04929304955015901,0.05118920873393305,-0.0033215880255027656,0.005492789161180983,0.01070696056486113,0.016260562561914993,0.019317702726756973,0.021907839425914784,0.023632886885375248,0.024405031376877453,1.4297618336774953,1.4922357846544458,1.7198873904169834,4.129977323466006
11.833333333333332,0.028817717812714163,0.032418879172241226,0.036014774338104114,0.041519915936539364,0.045116409691898986,0.047798948298283725,0.05045899700636444,0.05250720292167564,-0.0004906544163554309,0.010101707677270344,0.015542042989214277,0.02102790090255158,0.023802053759755876,0.024404801673632993,0.025394498023526023,0.026594593059246767,1.4285172831815245,1.4853113387017827,1.7206500643079312,4.358584786358517
11.916666666666666,0.032853873562778885,0.035613774359002495,0.039638595413873184,0.043721300866519916,0.047107235017884067,0.04973140316842378,0.05164675855407003,0.052395195184126706,0.012932648680229728,0.01968375145449152,0.023058511828181295,0.02612964438240563,0.027608532422198757,0.027991623325688567,0.02838818838796951,0.028002577009803593,1.4284111276566651,1.4808349642720837,1.7169342859980166,4.182856160719307
12.0,0.035655531635582834,0.038238577670823934,0.04150143493226661,0.04506879584398771,0.047163182344394226,0.04892966890856145,0.0506833767665372,0.05058154168238452,0.01650746888390519,0.020063152648707835,0.022581326274422123,0.02460266216087567,0.02496247096084599,0.024998136066334116,0.02516836242311927,0.025057178626342838,1.4304276234468132,1.4811131521129781,1.7209576108212155,4.434357304796219
12.083333333333332,0.03880745850858528,0.0401096120850884,0.04154594415900005,0.045734902779494546,0.047759545964411745,0.04966884982479013,0.05155039837319575,0.0533522468417346,0.019007714008148765,0.020458239928043766,0.02079236213307151,0.02243154576705962,0.023237928360236047,0.023435950316924397,0.024144451930688288,0.02488871662522849,1.4290745451040956,1.4881700642738243,1.7335898424950467,4.689101578430813
12.166666666666666,0.04372282155195006,0.043065173988093605,0.0435087438293366,0.0467628462465539,0.04882833786600154,0.050980511348320184,0.05285663651877694,0.05368554073544174,0.014465240117561153,0.01553502753014615,0.016462969664075185,0.01882329847406019,0.020358047664834296,0.02161208355207805,0.022406374931772926,0.023267757891568003,1.4349128005416019,1.4933309051895096,1.7467890918648679,4.797655501014239
12.25,0.03547902781105738,0.0355406936689814,0.03754532583565471,0.041056920539793665,0.0444606798040876,0.04702361402801798,0.048852307977437955,0.05036517128774046,0.01094948101818497,0.010528866597869795,0.01153572007735799,0.01347574376850908,0.015481089930624631,0.01702043674712351,0.018112948408372357,0.019139777822745813,1.4308830678775815,1.4891798908009166,1.746829150012993,4.57722749478532
12.333333333333332,0.028671183915840195,0.03175780071604555,0.03485815674684337,0.04014496243886409,0.04316609971783754,0.0467697820365747,0.049149657417654175,0.05041176397173262,0.013217082003987928,0.01224890216534581,0.012822130471968092,0.01459001580018059,0.015759922986085466,0.017823554605002026,0.018987730950669517,0.01932080791175225,1.4281835682852202,1.4830459334459312,1.7402262994490487,4.204076555676164
12.416666666666666,0.02911508885693781,0.03343555445006352,0.036305344853900925,0.04232808986195909,0.045098887128253246,0.04778024351687662,0.05015652281458042,0.0516232387366964,0.012392560173849883,0.013678607897448037,0.014549301570588988,0.01619149116959025,0.01705449953102793,0.017511742062635314,0.018633353163978884,0.019015861123173185,1.4333768528725226,1.488580254755487,1.7494572051595259,4.250626431001372
12.5,0.02629118269634772,0.030483649524411016,0.035506563694623836,0.04009927170541276,0.04368016486079199,0.04636145125159685,0.048424448088129166,0.049586472145964164,0.003585479805460484,0.008986009877247372,0.012671654082508489,0.014513636020674372,0.01635299738381482,0.01662072075648705,0.017346997007054946,0.017374709248567745,1.4384672259625637,1.4953904181942055,1.7623847446134489,4.488925287846625
12.583333333333332,0.023948889735015945,0.02928590200513059,0.032941721138233016,0.039151111474287015,0.04213354864191656,0.04607935820418653,0.04860507212726531,0.04987473815734683,0.00016445815467845074,0.006341656144870432,0.009882105950773335,0.014081149222798897,0.015215793503508386,0.01635946571472995,0.01739883018948018,0.017221220465842988,1.440018360371182,1.4933399144112292,1.7626870012982447,4.471732902832141
12.666666666666666,0.021300928345076974,0.026547760901658314,0.03217962970862992,0.03934597133277598,0.043436232384384585,0.04721064676514367,0.05052506568175302,0.05258866322180413,0.008863237311884088,0.010874728530262704,0.01278849355762483,0.015271321115948715,0.016319084943179483,0.01772193159432611,0.01924740589188991,0.019631001344945408,1.4442672438837578,1.5022864388684007,1.7794850484185356,5.159455563807112
12.75,0.020652240842159136,0.028260409836653566,0.0343837940365061,0.04197348925784809,0.04496945409659109,0.048869065672532415,0.051185804180483185,0.05189583854170581,0.008052087355061424,0.012000813622530129,0.014159320456113999,0.01691308926319645,0.017600451700711475,0.01850320023565152,0.019338294684516543,0.019159313763952628,1.4494157189992174,1.5111392899076288,1.7930769835030036,5.292160321645796
12.833333333333332,0.02363243323747576,0.029047626663733624,0.0335381520476245,0.03915344655548914,0.042228655548732015,0.04468499788820078,0.04772193508397646,0.04838319442544414,0.015124983434244526,0.015394831748932993,0.016881491451293546,0.017201471036254166,0.01767061389837234,0.017610306919392447,0.01824842174097141,0.018242209908435836,1.4498619599310447,1.517412668419066,1.7982960410819022,5.15195190147242
12.916666666666666,0.022255900172589823,0.025829485261738012,0.02967503129244579,0.035026080928201565,0.038602869697506224,0.04175060278068078,0.04482130407711349,0.04700071446323543,0.00069609569514114,0.005265761408599039,0.008308844957382419,0.011131742639192047,0.012640434330470162,0.013433704642252998,0.014379034488944495,0.015494387078480089,1.4512129754810836,1.5203751236303078,1.8058794994057366,5.245137394284663
13.0,0.023736715581707205,0.02943216480394071,0.032104674871067836,0.03583591058066771,0.038598082357945145,0.04065011810962936,0.041933944716738406,0.04311946872574754,0.0021638626923163027,0.0064925939573421566,0.00825214881617232,0.010629531701702012,0.011980465299621035,0.01284021950236465,0.013115786262761032,0.01335593957927527,1.4555838361528626,1.5200996844892818,1.8125159787890879,5.705591042725515
13.083333333333332,0.029081612750501244,0.033041278754739375,0.03626484022774421,0.03929263733935703,0.04145442051366663,0.04326790308699524,0.04430336538467882,0.04457594202336296,0.012410293747576207,0.012606554893415844,0.013141301326259243,0.013789265988383806,0.0145952034387208,0.015455823244656938,0.015650769098121818,0.015891172731800962,1.455187278986873,1.5243136890060638,1.8158785713139336,5.53630670489421
13.166666666666666,0.033862833330009036,0.03500802457558182,0.03689995384405706,0.039892556146104506,0.040853095740374754,0.042102788463742755,0.04376140125151158,0.04472603891530151,0.018563145405637367,0.018466802016707962,0.019193704931189597,0.018858441213520996,0.018553898282401567,0.018546464031849414,0.018301362019977764,0.018512483191063377,1.45868408418555,1.5276970252099393,1.817525200686813,5.274141882644326
13.25,0.03764091002085558,0.03896926360850332,0.04108260990975033,0.043479558038368296,0.04540504648243916,0.04638379017460097,0.04738245036916775,0.04849981864680619,0.020165919890426563,0.020289819399709714,0.02089507495565016,0.020732535503273267,0.020963355533042828,0.020736081942520405,0.02070751896131318,0.02089792120501639,1.464450055124188,1.5274008875757175,1.8195970140197633,5.206825280374023
13.333333333333332,0.035795341078786666,0.03935925950707847,0.04107605205230472,0.043682224367163486,0.04548481506182499,0.047121673741737057,0.04782695534434184,0.048802124514999656,0.020979167429650235,0.021590942548152362,0.021509402110245223,0.020967663727934148,0.02110988705410176,0.02119365442814506,0.02072477539335897,0.020637503818855107,1.4681174492834832,1.5274787657666626,1.8240347537445265,5.100637889820949
13.416666666666666,0.036906451404692904,0.04156619414996367,0.045144335355467406,0.04842016348148563,0.04902145932417422,0.050501701599194704,0.051270416311103295,0.05209252349151526,0.019819264012469993,0.022564419769089683,0.02352802871630582,0.024100349651997106,0.023597877281029567,0.02290714687940296,0.022571955244519572,0.022464300451276835,1.472570573769676,1.5321113015894954,1.8281524767005173,4.910582957039241
13.5,0.036332854488350004,0.043265411127032,0.046368023696335636,0.048294918118035796,0.048550405716612635,0.048931755336919305,0.048750297718358725,0.04930019836454887,0.02513029283339251,0.02650703142846889,0.02686378339864725,0.025221691402857682,0.02428224174794855,0.022987877742847385,0.021956805642016894,0.02154073963250094,1.473664881322794,1.5366585421215964,1.8320741610659277,5.131405712575828
13.583333333333332,0.037934895432191716,0.041281474273940674,0.043021942542023434,0.043797279268886616,0.04311084878948518,0.04317009647729942,0.0435045992587252,0.04399559381901365,0.0187590585272337,0.022192899126475204,0.023718417816310292,0.022791644055506335,0.02213601318372232,0.021361734915104784,0.020696052552989043,0.02026315840963994,1.486073554569493,1.5574689337952907,1.8585944803886347,4.9876947780217
13.666666666666666,0.03754149926659855,0.03998891102232956,0.04135903096725982,0.04369840767980924,0.04444338556857763,0.043873471655627355,0.04321844562029363,0.04411949896186024,0.030859194017322962,0.027801897960989207,0.026303366267515393,0.02489620079431627,0.024245578904372848,0.022714757987194113,0.02165973896300188,0.022205578287336224,1.4880279679352906,1.5603078314107992,1.8626292561538984,5.074380133724562
13.75,0.037186148564774785,0.03771262660036271,0.0383667605649745,0.04012780515663987,0.041862912509455535,0.042829963584876854,0.04407401488641006,0.04398173240871442,0.03198524238604401,0.02814058274145695,0.026157583809567446,0.024206098918872307,0.023628993011434923,0.022845080900284285,0.022677136127123475,0.021617887647759786,1.488322220413251,1.5608025985832192,1.8651011256646708,5.068617876065952
13.833333333333332,0.04112097410189822,0.03723118611705638,0.03680612957743626,0.03765584498503726,0.03990201220008244,0.040989994206802965,0.04258216082228941,0.04411500142689716,0.027298505427890123,0.023479079889324277,0.02208444558571434,0.021205483406087862,0.021622022513722788,0.021242479627907415,0.022020439822450454,0.02230673978229307,1.4906465480439255,1.5639962549319053,1.8736635685794638,5.380713097211302
13.916666666666666,0.03887165006379004,0.03704654550150587,0.03782958964240405,0.03919383869072869,0.040611458422988966,0.043078230272487666,0.044698976862312625,0.04569167739718119,0.014037785158487673,0.016599301858789856,0.0184383354340857,0.01926855136657638,0.01958001604195507,0.020644890443512746,0.020596249845658346,0.020970935305308518,1.4924145445400243,1.5615940210357988,1.8749295664918941,5.46472584837426
14.0,0.03678953241169056,0.03456045885886175,0.0346653236233225,0.03723011261625597,0.039463299289743,0.042029338205698444,0.043447271859904636,0.04544312444707983,0.012256374167375407,0.014995251971694313,0.016661782027086264,0.017640037921148325,0.01821166296074978,0.01858855074527378,0.01853080405203308,0.01943003559585326,1.4962708252338937,1.564997344078498,1.87809168685775,5.22025298821303
14.083333333333332,0.03199170045033802,0.029170667544638512,0.028198371331402367,0.03142288354194826,0.03434778505682919,0.03717430251040741,0.03953012985114826,0.04082810543229383,0.006646265881302161,0.011071851181514056,0.01263851696547463,0.01435102114977421,0.015470962698502249,0.015233073370732817,0.01579026208414942,0.01545583508381694,1.504252958788167,1.5734269186830858,1.8871809330911982,4.99872443584215
14.166666666666666,0.03324817828521529,0.03105131828718325,0.030778692963511614,0.034273597250393875,0.03644559420129716,0.038518176543014045,0.04128104592635734,0.04355746743804742,-0.002712695949649443,0.007584652239134808,0.011858510351242144,0.015482827717995792,0.01605178183187114,0.015819159930870377,0.016222573827715282,0.016705289069383907,1.5076188294282067,1.5744529287902471,1.8944836824161237,5.21028211433491
14.25,0.026583215439282194,0.024870165179807797,0.02635216579069044,0.030657914812927144,0.03385271425132348,0.03763783975334943,0.04114893380274924,0.04258860498563479,-0.01005133050139157,0.0006823630768241965,0.006588772459178249,0.010996023339388258,0.012515292644046772,0.013012880304472254,0.013859597961117815,0.014305917010212653,1.5104918670985115,1.5807431191630374,1.9059996735764333,5.856982255242102
14.333333333333332,0.024262184137054315,0.02247905588532836,0.0235369914472011,0.027572995610591084,0.03162000224138858,0.0345271133476313,0.03734749199129536,0.038316264137587056,-0.006116112490167184,0.0037599135902719088,0.008072453203280419,0.01153516274951898,0.013078109154656813,0.013246410210238674,0.013767760484222223,0.013623566621915766,1.514138904973946,1.5886080578159443,1.9137536080943065,6.02934584360232
14.416666666666666,0.019013089920551313,0.019859014151726962,0.022350486204043764,0.02734487492906828,0.031391180636059,0.035996349045419325,0.03874436857252335,0.04030523156362631,-0.007609638094154211,0.0035316785117929296,0.009137793682565917,0.013162956463355236,0.014855757977913255,0.0161415558691359,0.01634740918157112,0.016472902426050047,1.5185679911810843,1.5870202023289335,1.917041762003919,5.993254211149342
14.5,0.018606765164356623,0.019274158267162538,0.0219365161491001,0.0273327292898262,0.030781270137328384,0.034351273993496446,0.03738615585195516,0.038460573281307156,-0.001765093359198237,0.008148764786833834,0.012451949366456551,0.015793948051661427,0.01602411797205624,0.01572008163782015,0.015604233913723288,0.015526071944849423,1.5282767314809187,1.592180192581201,1.9229389066116893,5.773024585089127
14.583333333333332,0.022496031673004104,0.022629999689581185,0.025048216070472286,0.028991786894173394,0.031216270220527607,0.03436474305714371,0.035464590138283944,0.03704284080659326,0.0034031152046235763,0.010361129678441734,0.014268642447930434,0.015587660495546215,0.0147237459915195,0.01413590197386319,0.01313878856861101,0.012867249585524553,1.5334230488856087,1.594343383455699,1.932051836281763,5.983203401491578
14.666666666666666,0.021019165465264934,0.022269582525296042,0.023706129217735586,0.027897025600708794,0.030217054190169367,0.03309854334398085,0.035439108250178555,0.036096171761009696,0.008926570957071464,0.013825666533347688,0.01577923627887481,0.01611228680356179,0.015322296406264348,0.014864559654297883,0.01447923532475684,0.013414242872594805,1.5366052973067286,1.5971403568914462,1.930780402835045,5.580585607229253
14.75,0.014797071592187037,0.01719957624478717,0.019508181954282375,0.02367850864933197,0.025950709144485433,0.027748460532558472,0.029951682847742966,0.0310514416856298,0.00919739162031143,0.014279428808399356,0.01560194336463326,0.015588731679493147,0.01473300635059701,0.013344725971397806,0.012391871977468674,0.012272314881399439,1.5361383941787292,1.5965707047796946,1.9264950393493603,5.15330808553924
14.833333333333332,0.02300778641560191,0.021207327328551375,0.022738613385461653,0.025572988688862132,0.027936235305826118,0.02994506152809223,0.0324716926086377,0.03275583039720062,0.0033096145562853934,0.010069391317862065,0.013221117679445343,0.014972346390565286,0.014542306165989642,0.0139123938816761,0.013452644941731906,0.01269825675460062,1.5366488665108347,1.601841145284864,1.9311213691184814,5.324570545242638
14.916666666666666,0.019181719533669907,0.018848013742081914,0.01985577474040349,0.02340247086238187,0.025156927524695064,0.029494615541828036,0.031127419090935568,0.031857983562783784,0.0049509062029307205,0.010115567891322778,0.012215383730148131,0.013848801142054702,0.013325101326527212,0.013610996135269874,0.01304796197645544,0.012756023612023258,1.5413043271400249,1.5989766590291985,1.9360313581742168,5.53394721367553
15.0,0.018934779557489186,0.018339031288754425,0.01968749634429178,0.022853621253541366,0.02535579375415775,0.028089806512937736,0.029919206336766743,0.03178593813304634,-0.008473221926723541,0.0001723775486520392,0.004856488585279892,0.007654650508432801,0.008702759739676972,0.009581842240347421,0.009393601990089333,0.009866849490507708,1.5380024550951625,1.5890501164438513,1.9219751309319015,5.313220619659461
15.083333333333332,0.015435707232540728,0.01511653232100981,0.01732469841234575,0.021532408584011443,0.025013217758845272,0.02926115555995242,0.03220435955723412,0.033454025145398275,-0.009952138987548825,-0.0029117249377793326,0.001639194141064861,0.005276290538061634,0.0074881596824327955,0.008556563628107042,0.009518726848087126,0.00968129400369786,1.5401020766196445,1.5941068980591575,1.9297139075940872,5.525162724216425
15.166666666666666,0.014815490854784182,0.015752381750520957,0.017847663394624548,0.02312670360418258,0.027034243837582603,0.030226717728911737,0.0333624169771245,0.03428646898165201,-0.014858111942477787,-0.0039550185542082525,0.0009378347070429218,0.00619966765307172,0.008285382991972425,0.009184764487619717,0.010370067373755228,0.01050282848101038,1.541127684313384,1.5971998374305236,1.928452735215865,5.513352687535331
15.25,0.011587480598953322,0.012434403035837444,0.014701052655394958,0.019485256655363145,0.023250799626271686,0.027129864725792645,0.029671668601959366,0.031118135431561507,-0.01479614097967287,-0.0034155143570223654,0.00232465607596555,0.006613472975819315,0.008267540192485014,0.009142293904107592,0.009246921323483228,0.00999209387521647,1.5435660363136274,1.603820843012629,1.93629333360961,5.777324815216695
15.333333333333332,0.0133980196812433,0.013285628081850734,0.014269104512839689,0.017290848506673465,0.019782644555063744,0.022044284628152746,0.024588249528864063,0.025107613320968246,-0.014619495616816318,-0.003401516489511471,0.0024688142255790764,0.005946982202439409,0.006268894634198992,0.005907520883056749,0.00575774136786819,0.005571992802382212,1.5466875692738695,1.6129140027188427,1.945672782079835,5.931996085539012
15.416666666666666,0.021378056069581628,0.017915795678029464,0.01801584818888885,0.02053785438760842,0.022161836558506235,0.025259061962072383,0.02686319126000839,0.028279400623225523,-0.01483898679805241,-0.0025884739678350218,0.003441987528823039,0.007259172466516643,0.00721906349527193,0.007582147243038126,0.006458505028504798,0.006343602235873868,1.550767434235969,1.623801686602056,1.9583338321937536,6.1794605123466715
15.5,0.01972540463749574,0.01618976317200686,0.016403175464546345,0.019357883702837652,0.021944944437707704,0.025692345492420797,0.028197923798372854,0.029304979574221485,-0.010267890328972303,0.0003867311201569654,0.004593708109440121,0.00765986868949856,0.007694370845260602,0.0075849435907635295,0.007277347799146231,0.006911083617652762,1.554376870323649,1.6261562807134158,1.9593680590528308,5.997298101427342
15.583333333333332,0.016983307131617033,0.01635013435926405,0.017136527430447166,0.021551551931742165,0.02454416290245854,0.028026005456446873,0.030380998612732395,0.03152750908831976,-0.02313949462259502,-0.004847963675666341,0.0025762713292521167,0.007152582838774986,0.007887185912018289,0.007411518990426552,0.006513307504428532,0.006357305884880487,1.560139166663607,1.62745975121545,1.9678346815198147,5.945437981935219
15.666666666666666,0.017239353833527933,0.01332564561260692,0.013618526740360024,0.01677881349269207,0.02065235015915011,0.023756465339504665,0.02738649194661963,0.028341760024135066,-0.019369763351382158,-0.003874783473428332,0.002919925588530357,0.006611516883202108,0.0070905342492653955,0.006425825601242806,0.005501371016760617,0.005096725154876593,1.565428674630409,1.6283495014204028,1.9730692921103028,5.87547006053503
15.75,0.01371655776002751,0.010444220021698295,0.011425417310971091,0.015322110359047392,0.018627192831201733,0.022084581744777256,0.026052150189908987,0.027494598664848987,-0.019143755572747223,-0.005350191191374061,0.0012202917241037697,0.00419014332551513,0.004382164741916756,0.0036649347984890794,0.00335449081998634,0.0028845013932864492,1.571092863048128,1.6362869038725585,1.9867978592586684,6.108014393656481
15.833333333333332,0.016212112914847636,0.01311481953186591,0.012854597606133406,0.016283818982183368,0.01897494511438935,0.022399200744144865,0.02498829236779447,0.026541565888003518,-0.010681891917894659,0.0006498345408876924,0.004622024715988843,0.006511326426706533,0.00550823717080756,0.0043041105627438896,0.0026595237360827273,0.0018652447207914502,1.5690184102889366,1.6305520687326538,1.9790310670494393,6.024793399233264
15.916666666666666,0.013857223638633807,0.013733122325817346,0.014703130211993366,0.01856868238766223,0.02086925230038951,0.023641384032336198,0.026008440008763425,0.02723517146961417,-0.007279994248703735,0.002981513106645563,0.0065235329097929505,0.007803855042173749,0.006509563927297419,0.00460802823940595,0.003815471757118726,0.0031601594206000206,1.585113578119766,1.649324645280424,2.0041509441320824,6.00858683837592
16.0,0.013252649134327988,0.009138216563962479,0.009636415208292781,0.011619267036551062,0.015616907908454871,0.018444523316618264,0.021106130591153953,0.02300721023795564,0.003328864549297305,0.006368395208765345,0.007726199847349621,0.006631779419337344,0.006368872549034649,0.004469566839921353,0.0039120086236842785,0.0032506403577226128,1.5845217697116372,1.6507422617748173,2.0075477789398075,6.0676519291368285
16.083333333333332,0.018062207551615955,0.011449484473724396,0.010791434918690177,0.014205225664429916,0.018775793383271,0.022147178434207503,0.02483963015247405,0.02697325500142133,0.01044324576437771,0.009878594828578571,0.009479342646224452,0.0077487213425694364,0.006976538301398241,0.005912922424870782,0.004823135465288235,0.004323877729668534,1.5844457665663771,1.6508483679617376,2.0131586198943188,6.08018927705024
16.166666666666664,0.01219725919892419,0.00876568329948144,0.009571449452559505,0.014185351198823592,0.019517746932614634,0.024275702997038438,0.02802690931871772,0.029957630570580863,-0.005081723494654989,-0.00011612821041466465,0.0026835292172424697,0.005495867209361509,0.00657168288050164,0.006820963548493062,0.007234206005708555,0.007655157836696922,1.5814172489616618,1.6449671503508188,2.0071868369739922,5.787842230801088
16.25,0.01078336382781174,0.01136015405406073,0.014398091240045588,0.0205880928186236,0.023793654844314907,0.028352029449305365,0.03129166489176924,0.03324139236620259,-0.002676730405934016,0.005996257219410633,0.009593148859929063,0.011308848302757437,0.01039519026699955,0.009988432816819355,0.009232436031303227,0.00909727562046641,1.5861015927923792,1.641663272005715,2.0080448530340176,5.4723463944362445
16.333333333333332,0.013457625167119718,0.014124627689653535,0.01601358845226322,0.021711029216695973,0.026234082950161053,0.02924589277767552,0.032542231669665356,0.034088946744092206,-0.0034433670015054023,0.00676266700296367,0.010539248534269728,0.01268003696906478,0.012870461858995368,0.01189967931696495,0.011340197390070778,0.010675199462491451,1.5856361039695321,1.638389885564229,2.007565113917826,5.497370069650567
16.416666666666664,0.01722790555204095,0.016772562376467664,0.017837661565154084,0.023564474320455393,0.026480040570984565,0.02996793719384811,0.03228625783058702,0.034649594207842686,0.0019475954704165866,0.005995013356371328,0.007823785694532619,0.009559431279966125,0.009832839977897388,0.00990472247949032,0.009507271506584916,0.009507601983706976,1.584240962866234,1.6380127053210265,2.0060801662721186,5.244317691503791
16.5,0.017652790751283103,0.015377897271005428,0.017749180277829044,0.02257879799524778,0.026437444362896547,0.030779400209695735,0.03376304314194064,0.03581943764896432,-0.007451720702067004,-0.0007867151944756345,0.003519592610169427,0.006984216958677252,0.008380391097332313,0.009454849225941694,0.010174011831953147,0.010777125149902048,1.5857608102828076,1.6353728105646357,2.0114234921223373,5.328087749137837
16.583333333333332,0.022590721332285936,0.018253012792982165,0.01927491303287871,0.0230572247383997,0.02624535261614848,0.030772618303738564,0.03307438249431002,0.03534098409941614,-0.007203877559934511,-0.0005740675946046162,0.0033411051439258266,0.006908101727319142,0.008195983962918466,0.009558733546029445,0.009801441387369948,0.010799411426171406,1.586666157736413,1.6345257276654026,2.010775757199788,5.651635910793221
16.666666666666664,0.022225417042858634,0.019171712485098046,0.01949959775286543,0.02445305523093179,0.027981862532347516,0.03159557820871997,0.03549251027808843,0.03676523175964626,0.00048170063817989565,0.002457451686315101,0.003695158651433437,0.006379781087531072,0.007731380713749683,0.008656396426310858,0.010242981170165954,0.010539572403827554,1.585140444257495,1.6355892906474556,2.0080566475769035,5.635100269301995
16.75,0.02167337200577329,0.017685161474906192,0.018839041812454424,0.023036186497377115,0.02744305744005978,0.03163510253217556,0.03620346693022169,0.037253727562027404,-0.0003621719316204764,0.0010839931544839806,0.0028777311929330234,0.005243814534890437,0.007107738065607135,0.008708493431442184,0.010332285778571003,0.01119113087441043,1.5903779475213904,1.63717289644956,2.013315404163915,5.675234236276179
16.833333333333332,0.017888258215476828,0.015974661538938097,0.016415057938668636,0.0226659451470778,0.027848301067093247,0.03282659539902044,0.03625314142877203,0.03911263216273557,-0.0030916963812718176,-0.0020196715011816316,-0.0009463054100889415,0.0033222709645533664,0.006371493885595578,0.009041682964990048,0.01130874046453657,0.012984757073417274,1.5874765972258817,1.6354612690511816,2.007774413083131,5.603875581070294
16.916666666666664,0.01754155966418323,0.01703337278236894,0.019929846036185347,0.026015683276757344,0.031013693581572917,0.035492735867834004,0.03941323100927141,0.04205461796481324,0.0013352108385713056,0.0008249171401528911,0.0022276518443454505,0.005830035692291822,0.008911816636671161,0.011562060138040222,0.01368172300293638,0.015459138719493124,1.5930074307382678,1.6411105329381304,2.019335640403053,5.687677602844972
17.0,0.01591653133105612,0.018804170180425853,0.02236066110037589,0.02890807804929567,0.033801300079673434,0.037851372168167724,0.04122185499377057,0.04253899091033885,0.002909474594708953,0.0017410333164987561,0.002950964252453778,0.006090944482967537,0.008981358579780852,0.011823700612500945,0.014078880436471146,0.014910727303603263,1.5892401143731965,1.637354306795061,2.016486477824588,5.587184863377715
17.083333333333332,0.021014091752085545,0.02288013920089122,0.025654823579982982,0.03179706069350925,0.03605583489271505,0.039200500962568004,0.04232815798274972,0.044477488556253386,0.0031949647281560843,0.0017468989953938804,0.0022530634353180763,0.005701244634507825,0.00817813075686415,0.010801179463655266,0.01241784199280578,0.014097986819726637,1.5882853979232965,1.6459265059273698,2.0230926454763503,5.505267575193439
17.166666666666664,0.021605388643140846,0.02205411793788187,0.0258244869989313,0.03305445901147998,0.038360804267563456,0.043147608905208974,0.047776036018632034,0.04988438258597369,0.003312755704866297,-0.0001837804548111782,0.00048746323009246694,0.004601439138387553,0.008147448163061295,0.011415580602151814,0.014922915422782113,0.016154059624327498,1.5905567591825005,1.6515357025701167,2.030189924206383,5.515250079385162
17.25,0.0213818553801477,0.02117962267195074,0.02540739588908575,0.03330053065038148,0.03868777465056974,0.0449457932207956,0.04919910901934032,0.05179898277465962,-0.0038358803561585066,-0.002080328119450943,0.0008661367343378851,0.006584022100361791,0.009996908051262302,0.014259927937955654,0.016252906844359392,0.018042714420579118,1.5913586262524944,1.656495863596741,2.0343944061106134,5.58773098732708
17.333333333333332,0.024216978041708113,0.021418203201349156,0.023120230216294304,0.03027381523900304,0.03601846816829743,0.04106604432053699,0.04618926662502383,0.048200916136070984,-0.0030440625513827556,-0.0035753607452945137,-0.0017701856070889913,0.003449029180503112,0.0076924367060967926,0.011430666075405988,0.01513395253428743,0.01666661212068726,1.5919080716198226,1.652828960210288,2.03662907761976,5.539461541317547
17.416666666666664,0.02813718673304857,0.023178531735285494,0.02451776007413551,0.031111636166698976,0.03748666199107971,0.04294224485891062,0.04899602541470585,0.05098240935650808,-0.0010301852674872872,-0.0022660214889335156,5.3637630699987965e-05,0.005653560210087055,0.009984190077879544,0.014591344371492775,0.017976805216278605,0.020104853516301906,1.5932224099032744,1.650761842148357,2.032085014159467,5.648980581285133
17.5,0.02967121680633939,0.02367899860812821,0.023523489974719897,0.03090735998036355,0.03707737824567861,0.04357475373598259,0.04932139295407942,0.051865988762323637,-0.0010004806879466053,0.0008965880997761452,0.003003901565530237,0.00891904616943759,0.01318267883505517,0.01663649390374773,0.020172318701562945,0.021261178199504436,1.5974372038387488,1.6545409072983768,2.036200807719434,5.595299209625242
17.583333333333332,0.029524196493640298,0.02226582044541387,0.022147238402585756,0.02834127959784099,0.03483465509191687,0.040671650261172185,0.0454364349050834,0.048140341014195474,0.00012862117416748972,0.0018996107529658374,0.004620979910389402,0.009844756480732682,0.013691779056201085,0.01657063675153889,0.019215833752436146,0.020705705193101224,1.6001451675304865,1.658429161896055,2.0451916734296764,5.640207980114301
17.666666666666664,0.025922215241275633,0.019785889974558487,0.020021583829479613,0.026882965593282515,0.03313055127894564,0.03971946347983862,0.045561423596551485,0.0488052037795407,-0.0061310291197045575,-0.0033240843814037633,-0.0006534021421171598,0.005846958153040076,0.010047337215481247,0.013716444961710756,0.01727307656158832,0.019145481077160607,1.603495265057032,1.6597451699208954,2.0480979135919664,5.636197050928052
17.75,0.02302219702997431,0.01621616600123827,0.016230980421186973,0.02316614492127396,0.02951692644083227,0.0360572214673787,0.04188027515048362,0.04514538850463061,2.2082959108752505e-05,-0.00225977242669007,-0.0013953089363390283,0.00288874102463268,0.006361795344182814,0.009929006774908005,0.013227606706259472,0.015045675133302624,1.5932877952668623,1.6522360404059657,2.0409199484137255,5.944535945376736
17.833333333333332,0.024888247711064293,0.01696970893245699,0.01715458196386706,0.023388718186345213,0.03010271961347791,0.03670712200157915,0.04245447586149896,0.04590304046152321,-0.000962121204244259,-0.003856186631868497,-0.002278013534467474,0.0020489254581784657,0.005661350429204418,0.009662724742412603,0.012525248374048241,0.01431064650681991,1.5956516004912897,1.6521744539767003,2.0448115420074697,6.004406625017047
17.916666666666664,0.021452600017820456,0.01359493774917211,0.013211962294132037,0.020451873453691552,0.02632081411950004,0.03343722289613831,0.0392029535854667,0.04287437791097571,-0.00492755396258853,-0.008251874659813403,-0.006970289188512073,-0.0014613636646418633,0.002927912307937162,0.008012882392507007,0.012160609126483618,0.0144869827575939,1.592462832255701,1.6522555334959115,2.0474951625496014,6.601384134033602
18.0,0.01898164371722323,0.015234197651573963,0.01722254759785146,0.024602031286714097,0.031089575405674197,0.03623634136519497,0.0421344933004575,0.04424072136502746,-0.003018002583933734,-0.003942337407112479,-0.0017263834626763085,0.00295700753491722,0.007938633171541613,0.011336759460575694,0.014765297495011941,0.016339535140482028,1.5968662097161253,1.6519903837994157,2.051133698508613,6.696816915720352
18.083333333333332,0.02296077541201816,0.018204084158947823,0.020967552983200945,0.028264295180226672,0.03365811493857871,0.0402994957921394,0.044830230505810684,0.048217156030953376,-0.004335452698853238,-0.0033476639389861166,0.0004038491870520145,0.006062979406566471,0.009983859366553624,0.01417437859002198,0.01656260915591153,0.018515446423517008,1.5983275748543344,1.6558212368073224,2.058529907972463,6.746401637267261
18.166666666666664,0.025360253295523348,0.020049298956664838,0.020523005774117087,0.026406379539228697,0.03284401861520647,0.037989721143714066,0.04336972869686932,0.045236355474184184,-0.0008888685431661357,-0.0006006683570631173,0.0009540330458286839,0.005764917189623165,0.00993301828025424,0.013238835628047656,0.015674371536603216,0.017409006414987892,1.6002725780395206,1.6557609547043772,2.0667198991400304,7.182885254262363
18.25,0.022671548815385068,0.01928465331744524,0.02098534865929918,0.026338859978662477,0.033880783746028556,0.038822018601123026,0.043389377424193194,0.045297908274222046,-0.0077848829940345915,-0.0037153921490440662,-0.00037120746695527086,0.0047682703249299335,0.009277169749137696,0.012042066747541137,0.014476962039337724,0.01560210714171303,1.602008348749411,1.6642491486706754,2.072668131139667,6.954480345761873
18.333333333333332,0.02486245535058232,0.019069818157472194,0.020325348107823122,0.02650571931705067,0.032415110608151894,0.03835415136590908,0.04247590418295863,0.045778853197340104,-0.01081380045513305,-0.007383130469506654,-0.003509813742659705,0.003451551066695539,0.0076426422044833684,0.011791273238077564,0.014271898785449556,0.016244137041934146,1.616614618493867,1.6843597201376963,2.104394691073582,7.532288786657452
18.416666666666664,0.018816910067532736,0.015806473460776568,0.016690594889252643,0.024406095814882768,0.030517213919008874,0.03564167257307804,0.04112920097370887,0.043429927404794955,-0.01103506371000436,-0.006710947248008234,-0.002685517424696237,0.003949435641046327,0.008003420616689797,0.011862589465326655,0.014949788340670636,0.016860892803620846,1.6176383510198316,1.6809444113683216,2.097936536513705,7.01793195578712
18.5,0.017104868468134887,0.01438880579610157,0.017016721690904665,0.02335368016929406,0.029968407530185804,0.03558878892799659,0.040276965976969975,0.04293532942035161,-0.012395895671826498,-0.010839636040309979,-0.00722784372476269,-0.0009445838430018322,0.004351493453210421,0.008242704577884638,0.011797474682752367,0.013655183440523468,1.619281155458948,1.6821313014866681,2.0958600460512904,6.89939022092942
18.583333333333332,0.01862960517141752,0.01773218404294252,0.01989161053943913,0.027242082935805156,0.031556341130322005,0.03727852228043802,0.04113440605348513,0.04312400752245575,-0.005525779462318769,-0.004364640751013228,-0.0017775175926950963,0.004161680846836174,0.007406715142074545,0.011184486927391784,0.014313705711037628,0.01524796103329714,1.6212231918903524,1.6817839969957231,2.090844598396791,6.081251268326049
18.666666666666664,0.020842341748879004,0.019629572079979053,0.022222672416732998,0.02791149904992581,0.03315109257327392,0.03817080427939373,0.042308529129536615,0.044325657075535804,-0.0022342337589820933,-0.0027058395982165265,-0.0003264034432276936,0.0038723644039105796,0.007884718865354516,0.011364500451217379,0.014152171593206038,0.015442889864029532,1.6295784100592725,1.6903122058118583,2.1037971792651127,6.182370142391631
18.75,0.021826588044820416,0.01985766906304864,0.022583925040943812,0.02870017020311383,0.03462518007453797,0.0405407098228082,0.044610172933216216,0.046696102347006746,-0.015914983982074467,-0.011689116412672899,-0.006400016189827652,0.000989950974211815,0.006211172614056462,0.011369606585022415,0.014924472661768884,0.01686589462471081,1.6328149095964382,1.6936829290956856,2.117058577635151,6.52282884280688
18.833333333333332,0.017321660960336965,0.01339455357643396,0.014657188548687175,0.022023533118501595,0.02834989093050072,0.03421661386231615,0.03953576322204643,0.04240835820529466,-0.010096866220510632,-0.010716347200797977,-0.00795141857163721,-0.0007892352256257182,0.005009729447653882,0.010218671477012617,0.014535388829091533,0.016812413794838995,1.6313265226180966,1.6921079789220252,2.1108180224409203,6.263161956818317
18.916666666666664,0.018351509482274382,0.016029534401002635,0.017246868693452953,0.024501260204465802,0.030024666962810514,0.035783047986658434,0.041030754120160676,0.043679309296135324,-0.010209786555554757,-0.011188265339199498,-0.008803903137313066,-0.0016058778117922293,0.00414856483259837,0.009614484657326691,0.014866186770184057,0.017238735385325735,1.6336831261068496,1.6937466459975314,2.113762239302113,6.301481210756748
19.0,0.01915930072172326,0.013618659110373675,0.015273113348656973,0.021349873809510058,0.027758603090941882,0.034217202882662535,0.03872894684106568,0.04199233834092743,-0.006364618362420571,-0.008817555358946632,-0.006509551226277093,-0.00052314640143473,0.005245906528289105,0.010191459916113478,0.014466462673097485,0.017007616791950963,1.6274382288188531,1.6891239844394883,2.1077019759881765,6.4976059334890115
19.083333333333332,0.01577238458661909,0.010714550751423392,0.012137631418917789,0.01969907157116097,0.02665894228902453,0.033798451609478794,0.0398477641176662,0.042496047024080996,-0.004777528068805968,-0.008096285636917413,-0.006428729279696985,0.00038842222082266015,0.006896880034592073,0.012308420905360941,0.017064621135580993,0.01938429591587717,1.6269142107423056,1.684116175014404,2.1069027798102398,6.7096976235509285
19.166666666666664,0.02001342834277938,0.015126159682218547,0.017221208207645604,0.0255681372120862,0.032700130036572045,0.03899273461521603,0.045355629611486876,0.04829171104529775,-0.01193314091920015,-0.009895416348425551,-0.005720178896370671,0.002733264937395265,0.00896472582104234,0.013859460286993851,0.01944816799069269,0.021673320324069597,1.6364082620464295,1.6886490548503903,2.1155682920271364,6.693862321800641
19.25,0.022763543851698764,0.015983574947943814,0.01635288755165119,0.024667364220935028,0.031182594721712698,0.03810170175433445,0.04358797253413195,0.04725457732183254,-0.006326686127432819,-0.0048718243122516615,-0.0016564229470997101,0.0055483184929587875,0.010287657111664931,0.015239334707410698,0.01901864055348157,0.021120411862727364,1.6393917415681751,1.6952762025967751,2.124770919961099,6.869017100719111
19.333333333333332,0.021244813213137956,0.018373687608285953,0.020084916928945786,0.02642330775282639,0.03261739581609639,0.03842432899336838,0.04356910879526037,0.04536222251463479,-0.009421777075404036,-0.002936756156747373,0.0017124816708459778,0.009093153485660532,0.013159046827147431,0.016658606991055768,0.01938788270931481,0.02092760283776069,1.646020136736853,1.6985294576582393,2.13449248684594,6.762026591234782
19.416666666666664,0.022734140988339587,0.01981112164316917,0.022090616806162942,0.02872994392509806,0.034476887009029,0.040589525747947025,0.044982787219104134,0.04736517764325444,-0.015534197168808526,-0.0036201262063702637,0.004192601784829725,0.012267041084471712,0.016453246881329684,0.019881423452825866,0.02261673240785247,0.023517652552044903,1.6558227637740204,1.7069413087746979,2.1421905488332293,6.313708202014588
19.5,0.020106080663982867,0.01840012528152697,0.021781438972794803,0.028892372432623298,0.03452928479533598,0.04109757456317464,0.04483956638688261,0.04844820254060915,-0.02621459450979917,-0.010568414483767536,-0.0010888616961178918,0.009134820900993719,0.013458332104891295,0.01775649798759405,0.020051053202436504,0.021784897356097857,1.6664225111388908,1.7124472915389204,2.150307306780758,6.059323397212615
19.583333333333332,0.015982060802522978,0.016448211605630758,0.019979214054195393,0.028804730505874895,0.03511510956976563,0.04167535346449443,0.04671446632539569,0.0494206965230157,-0.03493658927078694,-0.015828603993439494,-0.004499283831250005,0.007409524382902957,0.012799142763555791,0.017453585789045354,0.02045226497335957,0.022359392571038667,1.6733410348731497,1.7240106449308206,2.171921481231626,6.2657891359297935
19.666666666666664,0.015100390318584622,0.017907438062632702,0.02269807049535387,0.03275450492825103,0.03990534614615153,0.04686858790044137,0.05169293304792935,0.05569788899652155,-0.034322167658232164,-0.012643409147710815,-0.0002870819777044182,0.011842713057002551,0.01770196904751983,0.021454304285451403,0.023808613336641676,0.02604302074407183,1.683795838689958,1.7321813261298515,2.185076666522726,6.387709618437378
19.75,0.01639265902888992,0.01884609155067903,0.02314311860744736,0.033032195496580354,0.04115182774943514,0.04756412514540356,0.05255450363888922,0.05584962627317276,-0.02550784338562902,-0.0061129018472595095,0.004167076687459026,0.014113854016250142,0.01945739238081076,0.022602665236491445,0.024443277140799257,0.025778182490719833,1.6845281676213941,1.7447564290891615,2.1935004599727894,6.095716199937051
19.833333333333332,0.016425588508997963,0.01569365412129021,0.019012075504847296,0.02722899500299237,0.03406940753283158,0.04011422594025321,0.04570035975513326,0.048018843921159314,-0.026949207092020058,-0.01163666061779314,-0.0017595138421983543,0.007850065826841392,0.012141311771678069,0.016090626195439675,0.01872828575627956,0.020020576471677428,1.6918543335298593,1.751218185716415,2.2074080374718537,6.343329857373411
19.916666666666664,0.012028614905621106,0.011760450259017381,0.015996132922187867,0.024533168663616475,0.03192618517204107,0.03724998897379521,0.042634180673295996,0.04659658965091122,-0.025235434455054044,-0.011253415753645682,-0.002747382408608977,0.006296035482631534,0.011308730309672436,0.014218999247578919,0.016933268717490374,0.018999086990633157,1.6919556740370743,1.7542468557700812,2.212300333027407,6.233134004429283
20.0,0.009622393709576207,0.011040924317839563,0.015511054924722188,0.02603163981594129,0.033447291703533444,0.03967729036561678,0.04577208946969499,0.04849140232100801,-0.023934727756034013,-0.011078464965555401,-0.0031349789416146396,0.006288478483710335,0.011088153281825724,0.014429311915440921,0.017528611046845947,0.019319865403822734,1.7008189170114603,1.768866532147142,2.237258723548544,6.435511313891101
20.083333333333332,0.01120705244345415,0.014116613528802925,0.01863779396277535,0.026718472356687895,0.03410153310579357,0.03845499262838963,0.04399543049128822,0.04645739121452752,-0.02116032611984492,-0.007639565894614764,0.0008588308579276171,0.008465334344352217,0.012858005305499801,0.015232258576172998,0.01759107811843861,0.018487012786474424,1.7080834675311196,1.772606087012287,2.2457702462605296,6.0833199152730675
20.166666666666664,0.01497182520931321,0.017412598710597995,0.021684668740033327,0.029774569541037653,0.035922269424599945,0.041351159971103,0.04571829421188285,0.048289894733073366,-0.010580478015312401,-0.000755241793609016,0.005730121233652497,0.011696693461965715,0.014550755824790472,0.01661673429840135,0.018028459354476018,0.019020866552343807,1.7129033768416149,1.772449474021239,2.253880288527848,6.285365133297574
20.25,0.017559632547888424,0.023108144581355447,0.02723260319879355,0.03441742652693951,0.038467662408584694,0.04167684863144755,0.04513863971400452,0.04562402040479278,-0.004007214972612783,0.006626465200506545,0.0119351079270232,0.01633256325145977,0.01763071288322779,0.017740544206787088,0.01855578376993241,0.01819720038268104,1.7169438150511074,1.7728239131939236,2.2526244439389136,6.281009312568497
20.333333333333332,0.019427686318059145,0.024962625665353847,0.02803491949199501,0.03486354694909653,0.038144773414685515,0.04084403010099101,0.04337578899291229,0.04469148505606309,-0.007077785200089774,0.006664438638579869,0.01260479199194869,0.01767544552544589,0.018474384032966747,0.01852278255592065,0.018926608366780028,0.018343740168137248,1.7261392951926742,1.7850970462062041,2.265664405835376,5.962142053116475
20.416666666666664,0.022464587464529097,0.02702735829531469,0.031262625257335114,0.036621831408801486,0.04047661734680086,0.04311758501592552,0.044880483780394255,0.04674641954818114,0.005544254068565204,0.015558671189348415,0.020104552391325924,0.022452554287857675,0.02290669318197835,0.022325627765726185,0.02113142115051315,0.02126810798150474,1.7304347520038077,1.7830943288979335,2.265971571653545,5.723984891461336
20.5,0.02646337760781917,0.02925550795476696,0.03224157246814014,0.03867792600634361,0.042387305837115766,0.044853947814589706,0.04746144296696827,0.04956593608717101,0.000757834435894332,0.013423690437317322,0.018418997970720517,0.023442777407822368,0.023480440482304972,0.02320719615127356,0.023111751130631533,0.02320585547095033,1.7346586192852294,1.796907557560196,2.278279911398222,5.663746387385974
20.583333333333332,0.025136119890429874,0.0288237226320524,0.03198711065783614,0.03710665417975487,0.04049434053243961,0.04263368615794831,0.045154842948203544,0.04606126054382569,-0.0012024194977088164,0.010572188209730573,0.016005090742811545,0.019875729659876294,0.02061740119034765,0.02065330381694481,0.020599129199790626,0.02037180811669113,1.7333277768474238,1.7982636798889797,2.2861330511389366,5.661476120391604
20.666666666666664,0.022045061370954317,0.02573298373089724,0.030327917184263396,0.03600055757124104,0.03985809758687156,0.042905145150556045,0.046650873263851214,0.04727928982004731,-0.0072492442406064915,0.008411372926393825,0.016615642613826823,0.022017675242608115,0.02325036206979856,0.023307312461666754,0.0241323042360661,0.023642871256331435,1.7383671359438684,1.802836555875511,2.2908970819150927,5.45829209923524
20.75,0.01682565938743235,0.02457344156848154,0.030017753976294356,0.03751702941964654,0.04180920119104092,0.04599688715459331,0.04969129549967674,0.051095572618759216,-0.00038750269174444554,0.011827310022834513,0.017673819333497362,0.022441465598933275,0.02388589093711321,0.025103872403721084,0.025284371834667686,0.025912639822110353,1.7451927811211727,1.8125851360991434,2.3024880178193916,5.36938122613851
20.833333333333332,0.01604873491782175,0.025952356062650627,0.03212172975174678,0.04066140196032987,0.045197898048215036,0.047941349448671206,0.05078589688836195,0.05303974061324458,0.0017029224505159062,0.017291209437860326,0.02371351498621651,0.028156002336814447,0.028449613827800247,0.027554906138291205,0.026704844728953018,0.02688565013300611,1.744700038441468,1.8119636152342808,2.306178584883726,5.4977626730049
20.916666666666664,0.017258120112551647,0.02585502864699621,0.032092491128870713,0.03903438925745953,0.0437605137825096,0.048068778855079305,0.05040540897310554,0.05232410787685494,-0.00466322211081602,0.012381129531818537,0.020008999438869905,0.025268706847505335,0.026375567467402515,0.026435349579127,0.025878530847871468,0.025955521251791513,1.7532118314055907,1.8201728400115333,2.3182023450715104,5.656400456465067
21.0,0.016621570803610593,0.026521072551159257,0.03422372890442893,0.04268648300296977,0.046623982575769087,0.05061786331338498,0.05389503920079758,0.05546938184795956,-0.0044200073315458855,0.014283622232689133,0.023436888822211937,0.02916981151253657,0.029861865332511246,0.02956110113970871,0.029132139323415223,0.02905373316083677,1.7543760374079054,1.8189553907475486,2.3215568403617786,5.724552821814004
21.083333333333332,0.018521868014477035,0.024467305007488154,0.029447563715258362,0.03773138139781406,0.04263621426877031,0.046899295921896816,0.05050054485778267,0.05307970413487763,-0.004253870547473322,0.009575538238206824,0.016192976500656923,0.02153771732059713,0.023552198723516805,0.02407344519714919,0.024593418583816522,0.025259878956473872,1.7550480975581313,1.8156627014352593,2.3163952501815688,5.635648210841817
21.166666666666664,0.01641749509847644,0.023748082209841457,0.02950374543394381,0.03833130724537118,0.04304645592644248,0.04651262405137683,0.05048809432246053,0.05186416115604664,0.00861485102826797,0.01805106561216724,0.022274084462738392,0.02580259522043791,0.026643262529015065,0.026341151788343592,0.026663556883854436,0.026580226292498784,1.7586698010015354,1.8252708681439964,2.326207952747046,5.743937545612129
21.25,0.014175866928373894,0.022901264377496865,0.02928017958584042,0.038545500618329884,0.04265373943040435,0.04691456729742999,0.05046446638665046,0.05161432271765236,0.01829432100858561,0.025188712663177,0.02838447951792608,0.03019122584373051,0.029822119071894103,0.02906574031259343,0.028522247662244288,0.02840194967088472,1.7581215946258566,1.8159394998082474,2.316057063243558,5.262611328032162
21.333333333333332,0.015639296055969188,0.020841999037417912,0.025974734834646043,0.032664288828079355,0.0386482610141692,0.043582664185947,0.04706091320135332,0.04865186788029717,0.01554210146114622,0.021645160651825163,0.024804157803951506,0.026074050847128848,0.0275241022898383,0.027585521384048416,0.02723312782309841,0.027497668521209103,1.755543553999626,1.8041762505882089,2.3099827270370112,5.661504661722357
21.416666666666664,0.02727296134008174,0.029372493966751283,0.03207662222380206,0.03646286309847478,0.04095484581983867,0.04384405851818593,0.04643792821405848,0.04811122186066179,0.011968381109570084,0.01876248212698778,0.021957550920261824,0.02388448138579814,0.02510582121845295,0.025227858642761742,0.02546348498213773,0.025334527624858005,1.7529289027385584,1.8009928204428785,2.3135016962340096,6.143576110612156
21.5,0.0301636219757361,0.031231393993167135,0.03329178010891755,0.038425367161999444,0.04293779502232414,0.04712311019048669,0.05020117181493843,0.05197390967758791,0.0034931568780102585,0.014751480868289627,0.020090019670781833,0.02448984864621366,0.02608275921929454,0.026925958721876107,0.027227698596854366,0.02764246147057982,1.753299923112505,1.806171246893512,2.323143550129149,6.3215291728413945
21.583333333333332,0.02920645512273197,0.03247082861960239,0.03607878786782603,0.041033750727497494,0.04477676806299977,0.04758705324710635,0.050155740683128266,0.051795828073271155,0.0036636964939955803,0.01719821588416115,0.023534793443094816,0.02769265670288483,0.028989757675714847,0.02949384248387358,0.029154709967460245,0.029243553562601002,1.7599518123227238,1.8142128205870163,2.347334797380991,6.701173748902989
21.666666666666664,0.028048215360638788,0.030546029205268416,0.03349569092885245,0.03842497440055224,0.04131380357509051,0.044415283358682764,0.04650356970736384,0.048147049767832364,0.007200555304803609,0.01788624420104741,0.02313350075633462,0.026428492820168074,0.026600597583701615,0.02649237403787706,0.025958202160466414,0.02627627181093082,1.7613947184560075,1.819146935869527,2.3538460998792066,6.616450350728155
21.75,0.023927001287246764,0.027384129396262773,0.030823207616704873,0.03592950466383393,0.039463897233301536,0.04277518156244034,0.04542776583406892,0.046622157082586074,-0.0044781284116186025,0.007642621303405342,0.013931021904104323,0.019038493356648215,0.020856885451619407,0.021862721826551596,0.022899619726267226,0.023355421559084405,1.7665292162520263,1.8197832183216658,2.362393319639277,6.755871273139555
21.833333333333332,0.02123873493229695,0.0243922511816356,0.028148236679949815,0.033230847386376355,0.03692223744517381,0.039957204293268656,0.0424475555227356,0.043506014440704704,-0.009366319155952285,0.002574186040747817,0.00939658229860213,0.014948911837627019,0.017682960620832078,0.019848993463163947,0.02088460209872278,0.021359675932897223,1.770303381640825,1.8194698045291469,2.3632811210379754,6.88908181053582
21.916666666666664,0.026981192767552932,0.02861826616196821,0.030561200681267095,0.03553573572292956,0.03916434753691446,0.042951802037520095,0.0454043730481733,0.047352045924749016,-0.005794323660304968,0.00535018275549259,0.011118945697951734,0.017270759810213566,0.01994269510908276,0.022366025747224554,0.02264434198268959,0.024034643609039733,1.7718698123889738,1.8276809967069698,2.366398606418655,6.34996623097817
22.0,0.02640598755225124,0.02692812583387595,0.028843497819240428,0.034737694222411436,0.03957897449942629,0.044074235721665946,0.047130061597597084,0.048621891257902214,-0.000562548218426885,0.0069688139874678895,0.011528151639051118,0.01734412105149809,0.020516640482378796,0.023504579120838198,0.024820827353856705,0.025355230501764848,1.7825012570392658,1.8289332744512985,2.3656460287221277,5.777240415716541
22.083333333333332,0.028582271623087914,0.029594209763219633,0.0320699122563682,0.03720263215966328,0.04128499875417921,0.04444828887021793,0.048641452618483294,0.04996764230247162,0.0022756300430767703,0.010364012788752382,0.014963376510980623,0.020562495444507806,0.02333991429985785,0.024744033539918782,0.02679892170393643,0.027394269491802018,1.790783004833831,1.8333674917289937,2.3691604286096943,5.272851224166722
22.166666666666664,0.03074582378171903,0.026627676147048918,0.027597005241541676,0.03310146296065589,0.038699401217989926,0.04375282673501511,0.04810807460041834,0.04989661791167109,0.008795322615886903,0.011293983351832659,0.014628020520079077,0.019442376764968655,0.022698082270416888,0.025726796025175625,0.02837275849990278,0.029522975346330617,1.7931216966513364,1.8361426668892484,2.3771551963628257,5.318535363030487
22.25,0.0339127740338708,0.03403079296519503,0.03507352383497595,0.039984515070536526,0.04426120001116855,0.047706050417107584,0.0518128608517181,0.052920896643826945,0.011032545537728328,0.016874833368800895,0.019854959839427012,0.024273050267561037,0.02661485802165788,0.028480955418517168,0.03025572213741386,0.030725166513182276,1.8033365018311525,1.8500930126074098,2.3856266839047984,5.275609691814352
22.333333333333332,0.03955282958697971,0.03580103277891328,0.036707690515064235,0.04088496799048406,0.04520183081666947,0.04845195004719741,0.05184945071655296,0.05382550653170537,0.014175617961082444,0.015190002989448278,0.017528159916374273,0.021614845614381206,0.024728137048693297,0.02681734861756314,0.02850387643224049,0.030136605160732084,1.8123434580016748,1.855798041597617,2.3948846341302925,5.202944227218819
22.416666666666664,0.040315481162550196,0.03634058595549194,0.036577813077672626,0.039864612536616564,0.04364108955691426,0.04592729376244678,0.04936351226673493,0.05040215011022217,0.010983611296963755,0.013212808408543136,0.01565319302283991,0.01995833752832285,0.02247369258909406,0.024035681204760868,0.02649854162408744,0.02714019704151927,1.823564267199933,1.8631411865167373,2.4064777372396144,5.194448387629118
22.5,0.042263558556969796,0.04198283741584425,0.04361874735508435,0.04643910122974464,0.04856129151964813,0.050517185296858974,0.05134142875622575,0.05346821765426314,0.019863446437630973,0.021945006723815233,0.024097236025083017,0.02604075953700256,0.027578751439420447,0.028550853469534114,0.028489788827649333,0.029366673854093854,1.8172958197284166,1.8500260204330554,2.3909830230359694,5.1739974632257235
22.583333333333332,0.04373436287134648,0.04015194159858745,0.03991592094415279,0.0425454298137067,0.04473650834469056,0.04707126418063734,0.048618131195796194,0.04998470202187949,0.017924151528297624,0.018607729891767563,0.019928848197382578,0.02162772187621934,0.0228180563136814,0.02372647458177487,0.024368829415983013,0.02483630011128054,1.8235890173160985,1.8508535701549889,2.3907417844189967,4.909574734599574
22.666666666666664,0.03734524011468732,0.03661015719346607,0.038112152294322986,0.04065449012484133,0.04375302307341416,0.04653027126664601,0.04783323429882765,0.04863045712863383,0.019370404050487188,0.019645676511703805,0.020350255371693618,0.021696541538719867,0.02273513690348722,0.02399373569287658,0.024417138535113757,0.024554589070467304,1.833404223831869,1.8650270536931601,2.4104175324891908,5.121517569019421
22.75,0.03954369500596962,0.039992423477606925,0.04130857494647025,0.04466473454503284,0.04665587011972676,0.048070296971886445,0.04899836792405441,0.05068166526570525,0.0243981877870543,0.02314424085219585,0.023181120258309134,0.024349068354759865,0.024730148631088834,0.025602222364665292,0.025921994335079326,0.026511141896035834,1.8395914906934279,1.8752286730415075,2.4227130884322032,5.134381278436884
22.833333333333332,0.03919029301751282,0.038206828606015326,0.039851323110179415,0.04393753043041833,0.046680964252212694,0.05019430810726698,0.05190348894876838,0.053659732372197205,0.011315579679047583,0.016112498406721493,0.01976810266088215,0.023103844550866913,0.024676042926539243,0.02611698788167054,0.02685879208069973,0.027602041789038786,1.836447507986827,1.8795390587715541,2.428668643048585,5.1883116693246665
22.916666666666664,0.038076617230958267,0.03945262685371658,0.041449665574853314,0.04574581433751491,0.049491614669712324,0.052608022385077696,0.05496489333943662,0.05621151564433871,0.013915662468545848,0.01636630814705502,0.018242149680351132,0.020712973635471883,0.022939087668334548,0.024772657980188375,0.02540934734663696,0.026155927881890147,1.8306893837532854,1.8666400468252258,2.417470587143686,5.511585091258712
23.0,0.0378866290615154,0.039321678454877496,0.040625152556641494,0.04491423326738209,0.04819301596282728,0.05189339682931736,0.053306007074273104,0.05456799432256686,0.012176549398571317,0.015645308995457068,0.017811056918209573,0.020955258987972052,0.022303070481556057,0.024297912544929037,0.024812349760965673,0.025240533391200637,1.8295586288554553,1.8682813291619769,2.4178626332916924,5.544643954502335
23.083333333333332,0.031952861630592605,0.03578613782961717,0.03941008334888407,0.04485579217233007,0.048320952226761235,0.05100494723204432,0.0531198871960343,0.05385376445247093,0.006202316254061837,0.01146886632220072,0.015093173768163602,0.019075984848200712,0.021140829276511633,0.02239982433269531,0.023414520880260324,0.023910042102251974,1.8424578215476068,1.8835672440083011,2.4424030533000933,5.809568568836663
23.166666666666664,0.033437043431966185,0.03467667434478684,0.036811081346684774,0.042134821303954975,0.044718145199771714,0.048343694166802426,0.05115536672017234,0.0529250078049687,0.02194215572123565,0.019113550839033492,0.018363859554857875,0.019835237124395593,0.021005397824403655,0.022806385707938803,0.02398687721114176,0.025414907801524632,1.8493662561431976,1.8908123017339933,2.441368220021703,5.576069727649596
23.25,0.03388407814078821,0.035026989576080914,0.037811893167102734,0.04219627040396149,0.04574965521940073,0.04738991227624383,0.04973685281796348,0.051664367168811315,0.017703956963241074,0.017773415767875972,0.019029821992347675,0.0211076255405895,0.022795134169194667,0.023517557655503105,0.024348815388782558,0.025494912100292567,1.8492164707080858,1.8829026256270722,2.4428306782159797,5.683331669579052
23.333333333333332,0.02955106389538823,0.031601787612398465,0.033962681528588036,0.03987099526434473,0.04338895613369583,0.047075017383041096,0.050002566982889816,0.05112836617887133,0.009763780248575346,0.014806465665221894,0.017744815007709927,0.020811842089822077,0.02242590053286309,0.023151600883495445,0.024076504771767298,0.024551297714057157,1.8499397140063167,1.8855950128715917,2.44063315096744,5.388211873159247
23.416666666666664,0.033629463686330546,0.03528127165716112,0.03837320108443669,0.04363256985641645,0.04730932363978977,0.0512170276774054,0.05324131968968944,0.05534745247087185,0.007582389090228734,0.013909131864552154,0.01782904281715475,0.02195900709245695,0.023759351670926864,0.025216725951941014,0.025819760622979825,0.026782350286069588,1.855948097077721,1.8996827212462541,2.4555818881188856,5.563582685066948
23.5,0.032286798469654564,0.0341576290048033,0.03579358179563,0.04090407608644908,0.04513072224596466,0.04828152719267265,0.05173353918665152,0.052620631228830324,0.010646449308261618,0.014839853430026416,0.01722927055468875,0.020450329517803307,0.022171636559028613,0.023813837218377862,0.025021059817886892,0.025203521153545873,1.8515923904554699,1.8898720902910147,2.4506518690216175,5.465915988613551
23.583333333333332,0.030210068665025076,0.029847271493397134,0.03296576306930919,0.039314632263139665,0.044663126012244966,0.04918680835287827,0.052916602190676565,0.05443614994766096,0.0051171407267114315,0.011199841003541239,0.015295261452554514,0.020122072331414196,0.022918941785766252,0.02486279930411109,0.026975197937100046,0.02700754591886741,1.851952401533527,1.8856261023835807,2.4497481886195023,5.389744089329876
23.666666666666664,0.03095910833334799,0.031375861939272665,0.034053670258289405,0.0401288286406275,0.04548930228426887,0.050470431075071306,0.053748333517575964,0.05573934176810921,0.0038344195998713244,0.01083389755858824,0.01525864295723192,0.020366616195697018,0.022810697777309548,0.0253598475147421,0.02602838401035469,0.026513318515298756,1.8654561947961918,1.8986791792331206,2.466427880781332,5.184282783970907
23.75,0.026104843731475827,0.026877563302408817,0.030773238773513872,0.03808038263082711,0.043683304519101455,0.049685697835159706,0.05366795512477002,0.05581418180757029,0.002861512035327078,0.010160464460920296,0.015539844391978721,0.020847684621938187,0.023630622956750245,0.02566464308378023,0.026843315032515004,0.02770473659281585,1.8718109408020833,1.904881598855844,2.468105521679699,4.984151427165225
23.833333333333332,0.024604968007111164,0.027374140499934325,0.03216371598216902,0.04013859407149725,0.0460303994417816,0.05152640428973147,0.055666483014875895,0.05869137219947519,-0.009317243559412153,0.003135630274836132,0.011046552705908347,0.018531637273703577,0.022463271275545094,0.02510742358471119,0.027639748176081284,0.02902238435320497,1.8731420003809685,1.9069356210218131,2.478027154994404,4.942249152129164
23.916666666666664,0.025270035418814753,0.02741510073720134,0.031462277240517,0.039483568682605504,0.044808647811113864,0.0494052407994546,0.05382053470185888,0.05602378809214706,-0.006500283096111792,0.0052380295156041,0.012609345355890969,0.019602210644951764,0.022783460279879725,0.02489396009986429,0.0266802339034454,0.027679500564191897,1.8764223011350265,1.9166779463414907,2.4872504416717343,5.018153999608872
24.0,0.026039033221996046,0.029099777780844896,0.034639374347341136,0.04308052719379628,0.048226623909136,0.05415543939510252,0.05751526878509553,0.059536823043239394,-0.009600264893787649,0.004160034105817357,0.012824548368982624,0.020968191460504278,0.024122449478455803,0.027203309504466838,0.028412871556059014,0.029453641092035757,1.884495458521584,1.924922342603993,2.501170641550582,4.7668186266490675
24.083333333333332,0.02539631346799294,0.03196992926230432,0.03725670111405491,0.044837152878116904,0.050297320581584905,0.05369932455070491,0.05755651224637769,0.059323841890089477,-0.006890034523275677,0.008247598362065144,0.016215081891117415,0.02385494989427915,0.026934964027632485,0.028285143006997242,0.029331030672820335,0.03034692430804164,1.8847127795006688,1.9200527697989331,2.5088900589262555,4.896644807583781
24.166666666666664,0.030475047903037948,0.03413023804261799,0.03815003410548452,0.04464508862224445,0.0498550348008085,0.05346731725935264,0.05657139867865922,0.05812256375517311,-0.014808102701357429,0.001281259879610442,0.010429417161131622,0.01897378301138139,0.022809516150091875,0.02474570334335135,0.02652429851884704,0.026944246259069632,1.8881866975131236,1.9237017733675252,2.5130988505876064,4.746264862720006
24.25,0.02961723591815056,0.033501899531956376,0.037489141157283246,0.0452666375805333,0.05022068075613438,0.054924389771669066,0.05876231093723046,0.06039925120834285,-0.011080259147785801,0.0037803953546675178,0.012151785795155492,0.020009485651416938,0.023777969487852168,0.026434631794951063,0.02830443811851961,0.0292722218348304,1.8888054086932473,1.9156615049683277,2.5092421491174326,4.845009140442554
24.333333333333332,0.03376222506740594,0.038122502202016614,0.04287255817531259,0.05088859857429848,0.05699738119430402,0.06090914135449329,0.06465460675316279,0.06601353895464933,-0.006894306039645824,0.009591487365572894,0.01874863430297156,0.026938734361176383,0.030992615639607243,0.032726970924191336,0.03422930356469758,0.03482130405653173,1.8947010578322503,1.9223403304531084,2.5199326661563184,4.880992070569697
24.416666666666664,0.034506358076873224,0.03607290710179402,0.04049627646075667,0.04898685668718833,0.05470831006757079,0.06025136150778748,0.06522803240832034,0.06714785665862497,-0.002142343934461755,0.009060960799963626,0.01669089349915986,0.024859930053136577,0.028745792880076053,0.031758312289161206,0.034235220798384924,0.03503999644253775,1.9024878235498461,1.9305701761140863,2.5199616184787215,4.743919400001991
24.5,0.029622268417693016,0.0342711997191632,0.03902596300285552,0.04840069722766854,0.05385003328157196,0.059499273225604665,0.06437831305750522,0.06681849741007816,-0.002124430671395751,0.013949442314028292,0.022581880470298795,0.030444379942768735,0.032314406017390766,0.034651128506769116,0.03555701905788385,0.03628780345029512,1.9106123048922856,1.9441568827920297,2.542942588727495,4.7172174585713655
24.583333333333332,0.033108853469891446,0.033737583573325916,0.038175263639180106,0.04604701596896874,0.05204014900059176,0.05808256231246199,0.06269374670978031,0.06460589424753088,0.008224676546789982,0.01950452301085889,0.026026358311620118,0.0313409186692786,0.0333797213125137,0.03433556380385816,0.03501439177428509,0.0351768377907579,1.9117117813782185,1.9457645997509212,2.5544918090611475,4.9296288592034685
24.666666666666664,0.03058323984875039,0.034536510461302114,0.039291821181889716,0.04737687945702568,0.0529428813958048,0.05796720564373055,0.06215868054144138,0.06431087835331617,0.010272323316355528,0.022246326290663587,0.028151594043869715,0.03341194703158054,0.03513215175353446,0.035805741113488485,0.03655602875143617,0.036755995848111164,1.9169320610581582,1.9427458990458129,2.5562962730747376,4.944371820603437
24.75,0.03465242057339783,0.03766639133203527,0.04171392447589816,0.04972696056662178,0.054788918767425476,0.05851017765441224,0.06288247511312457,0.06448858480140111,0.015619218052705467,0.024668686275487416,0.02942313759291805,0.03482589015978773,0.03637779748305714,0.03699966827170038,0.03806524912186848,0.03849543077549971,1.9116522259831576,1.933490443537409,2.548004805339998,4.964122400529344
24.833333333333332,0.03767660390854872,0.039098057846611196,0.04285219209443944,0.048463600254766225,0.052485326383288955,0.05644224457600681,0.05943229846622789,0.061664374889542115,0.02677587755203377,0.029743865123189894,0.03238134761556748,0.034320679785001286,0.035282288591390466,0.03669103359202979,0.037529359751118034,0.03820173123477136,1.9124918930039192,1.932460613499999,2.5462901148283987,5.011970958262091
24.916666666666664,0.036970494110389274,0.0426251029922677,0.046959494717968356,0.05281795416161615,0.05588011288712605,0.058779637250593174,0.061461453712774144,0.06255461601142831,0.019946795678591544,0.026756772643332326,0.030149440955275053,0.034082929662143206,0.03513053141698616,0.03634179924376677,0.03733710485763445,0.037984526760871634,1.9060109186092145,1.9298736659727318,2.546737722188147,5.043382502864339
25.0,0.03888849786487195,0.0420482774587484,0.04520772720878227,0.05028994102717739,0.05343743597109499,0.05611815025732899,0.05772377730573904,0.05986072738602252,0.015827217575971723,0.022180352967810523,0.02596922581366464,0.029812281322630554,0.03197862029009214,0.03313573057464564,0.03385790567232164,0.03506719037667816,1.9159079357783608,1.938064806106087,2.5566462253748523,4.959983500898602
25.083333333333332,0.041985586364220784,0.044643075354698566,0.046714762184622755,0.05074534134725915,0.05273948880336709,0.055244122644130866,0.05790581685426087,0.05838068985015385,0.009047192712593828,0.020849333132009946,0.027132297474139026,0.03221036880228551,0.033703792664199934,0.035073605131546004,0.0364795025078171,0.036519014427133886,1.919505774063954,1.9445326479026215,2.5679437559988254,5.290541704573913
25.166666666666664,0.03963887374336717,0.04357248345606638,0.04731898319953688,0.05197277185996544,0.054787523029263666,0.05752901352561968,0.059952126530308826,0.06081238080565056,0.004234135832122641,0.017446919184139615,0.024635092563023944,0.03117283079626594,0.033718544277661404,0.03547104906518752,0.03704922666225872,0.03760619916968509,1.9163610958521708,1.9448004491783588,2.568416940437301,5.342888635193088
25.25,0.043001514040840405,0.04829490064406466,0.05128505779874093,0.055350744397491804,0.057921842652828376,0.059857881168442394,0.061781246020900515,0.06287957530874642,0.0034022811767600103,0.021010211221516722,0.02954431025406382,0.03647588264190723,0.03873315761874573,0.03981675613247407,0.040669729884001436,0.04136484569635807,1.91954460758257,1.9466281341142484,2.5811354139771354,5.631377032470074
25.333333333333332,0.0410646299825723,0.04461178884471366,0.04755789483534672,0.052260665281091065,0.05478939926263747,0.05737709868559026,0.05915560085958541,0.06044670665134319,0.004414457176318469,0.01937925683274194,0.0270818593004072,0.03416241291253287,0.03646433825636238,0.03842285597093389,0.039567562750321465,0.04030704547268562,1.9179647350315119,1.9383775605652687,2.575669889322669,5.313388130202013
25.416666666666664,0.03740479856617699,0.042359586198440644,0.0467626637034195,0.05256509035368295,0.05613529526026985,0.05855576467431845,0.06136639640711032,0.06237475635636506,0.001225378843222976,0.016384580465531554,0.025519066130056695,0.03318922144204976,0.0363499441838452,0.038404786132466145,0.039799370003098127,0.04073252128544206,1.930129032719056,1.9497578735858472,2.5871029237404986,5.0189960128216855
25.5,0.03903461393677994,0.04313059928804995,0.047488728683976536,0.05356245434278227,0.057340723101288245,0.060555168775716636,0.0625982004922489,0.06405900888376818,0.00507000059692897,0.020309105673048947,0.029000299638544492,0.03631375812860762,0.039054285049254296,0.040863601018175356,0.04144109175288518,0.04202894071829506,1.9439859791157605,1.9711089723539323,2.615723571795207,5.448189544515112
25.583333333333332,0.035037082854878034,0.039525574297229145,0.04317205383390056,0.04973243571348752,0.05274112653391423,0.056644866730045575,0.05802177306645705,0.0593735689706415,0.011755953497640649,0.022590007215774234,0.0288740886990297,0.03505916303665492,0.037104680648499616,0.039216252099260177,0.03997296085664536,0.04089595808423965,1.9452648785184339,1.9728374160908666,2.6188763045253824,5.484815949938345
25.666666666666664,0.03403821813789101,0.03782608129058682,0.04023044172487805,0.04462598957182832,0.04867351766146748,0.051992041250850315,0.05350232394395184,0.055131148578888775,0.014530692510593869,0.022892842652721825,0.027057834660320853,0.03132334994731509,0.03355533476250484,0.03567295077545879,0.03704592181024315,0.03759748846252208,1.941515071591998,1.9712839277368026,2.619290211681969,5.505078493672121
25.75,0.034677002769059176,0.03967841443427381,0.04362553308312071,0.05021485366326809,0.0531431541486429,0.05641862731281562,0.05952751773547972,0.06051927170543443,0.010091849022399353,0.021780396653376825,0.027838831048309913,0.03441953956553735,0.03643314738454427,0.03846118727148586,0.03960467787880867,0.04066530326808144,1.9415624920142929,1.967893888658406,2.610779374179065,5.307242826862145
25.833333333333332,0.036612579872053096,0.039800577620553,0.0426379235020964,0.048317271917840826,0.05294234404608672,0.05594045060547098,0.05926622241650693,0.06076836896108101,0.010692996870010052,0.022733911736556943,0.02920135829532072,0.03471169601468086,0.037077706691709664,0.03813174352113572,0.03981422358006118,0.03987081067495522,1.9489037160970182,1.9674073290010083,2.6186749871684816,5.405179769834958
25.916666666666664,0.03489683197405834,0.03771910693620145,0.039513946723329016,0.04429411275538077,0.0475687803300681,0.05046432120701878,0.05315448651445479,0.05376750242016941,0.015048625740179884,0.025403699627827316,0.029709904633467905,0.033746070785483154,0.034992519860305535,0.0358669634968508,0.0363508894141288,0.03659608558126664,1.9527186013160462,1.9675433609909088,2.622474925942052,5.249251542701995
26.0,0.036376353176621905,0.04013978097179535,0.04408131225918915,0.0481853233144553,0.05045215739472628,0.0530372998168355,0.05468239772369063,0.05638006917243105,0.011713397742103972,0.023994029938995357,0.031370355118121945,0.036062722290528024,0.037360867987046846,0.037830295092328936,0.037939425591571985,0.038660845168136025,1.9602760296650663,1.9806387990386374,2.6470079974295215,5.40140396563069
26.083333333333332,0.03389616644252394,0.03926517696078884,0.04408436755584606,0.04813309374280313,0.05173649382519364,0.05356251821380097,0.056231823369341016,0.057405187006741944,0.019259379510848464,0.030239961892964226,0.03593883098839432,0.03897723089745649,0.039812933339994035,0.03972330355908812,0.04001225787800151,0.04017108114646924,1.9709328159549688,1.9886834805813238,2.664620504011786,5.689357061181997
26.166666666666664,0.03284378805702372,0.03641610159914414,0.03990973690708026,0.04639076322359754,0.050523343988647065,0.05413727822000116,0.05674687611674852,0.05845830800670195,0.030155452249920316,0.0344347657716759,0.03649023490666602,0.0394289574599561,0.04032427934146578,0.04118263406917062,0.04107588778496326,0.04189947596642753,1.9686630044105682,1.987464999145752,2.665453128442282,5.9200798120070575
26.25,0.033634386980805765,0.03727894979988447,0.04174900581177611,0.04847066970549872,0.05170681716113107,0.05521703741156312,0.05811181661941427,0.060069724478356956,0.027494541916366234,0.03238730227296349,0.0354864814544264,0.03842056836995411,0.03964941745617985,0.04097654725679135,0.04145326850855633,0.042553430389701906,1.9625731931051564,1.9883493273982176,2.6658172870252286,5.85534675564499
26.333333333333332,0.034420524931929104,0.038483093168588986,0.0427932150053384,0.047943758063814804,0.05130402301934147,0.05595601446141161,0.058132833056986744,0.05953698587349855,0.02360975203695699,0.03021824037707757,0.033501753337087437,0.03724440255431005,0.038888475669812184,0.04054838716286114,0.04110281925290975,0.04191425253507573,1.9735726476885276,1.9977587561071832,2.682129408234065,5.900009163029659
26.416666666666664,0.03345444585710015,0.038787806942529986,0.04302666261733786,0.04797958686387858,0.052468555558366034,0.05436463847530629,0.057613879634655446,0.058431506077774656,0.028130975244297775,0.03297083855708221,0.03612367573862999,0.038419400643667605,0.03962461685179996,0.03987411403907053,0.04078567326346747,0.040717860996910674,1.9782426374496236,2.007195061289079,2.6921868258160147,5.797141936901348
26.5,0.034313766276262966,0.04081770612741592,0.04480473733620964,0.04991977160702377,0.053371880777717914,0.056079523796952635,0.05836270367313335,0.0595385658385168,0.024654167735278995,0.03370651370808898,0.03824675032434321,0.041495401486370986,0.042338248189255426,0.04256438000147866,0.04309319069252622,0.043228184550289116,1.984955103270066,2.0162287765549816,2.7011256645144424,5.819224228099376
26.583333333333332,0.03185721389313181,0.03712152891789512,0.041933184712310695,0.048882162773032374,0.053145824830542775,0.05644752321879771,0.059977770295099805,0.06138172772332696,0.03371258047081716,0.037385942249496346,0.03972224028618043,0.041293494234001825,0.04218240779119465,0.04298603469286369,0.043129348095480115,0.04320286242164204,1.9869742617102422,2.0214169674870672,2.7172975490500924,6.424283469053881
26.666666666666664,0.03386599406964141,0.037341422740829265,0.040486302974205156,0.04675749729257641,0.0505730551850728,0.054358868418497366,0.057392155035122246,0.05891376251255037,0.03831566148790411,0.036228429210502296,0.03593193606542162,0.03712078351608375,0.038693307904819674,0.03973351923227898,0.04056897249852119,0.0419174181871438,1.9834397475884076,2.0176507976378555,2.7024576316566136,6.153690950302204
26.75,0.02904608625961558,0.03264389725963358,0.03691306298053985,0.042628247630967474,0.0471724093623916,0.049890320081335066,0.053062445969766364,0.05396958025856069,0.03911036322877052,0.031964542451718675,0.03012268782569279,0.03073343605534602,0.03275968370357816,0.0339528246672412,0.03618325780121214,0.037164415368604195,1.97983552780736,2.009319759162023,2.696313955908569,6.2551654230997125
26.833333333333332,0.031059503668131667,0.03362385908322975,0.03695214898631275,0.0435085551611024,0.048026795900777894,0.05249631875808178,0.05623684449368868,0.056782155236988596,0.053205483585145937,0.03875843827333695,0.033045407512424865,0.03184909355652354,0.033542811178130426,0.036068117230087696,0.03839723140623182,0.03908326444074152,1.9792665878431666,2.0108996283858374,2.7053475838843055,6.189829504877621
26.916666666666664,0.0387917831502656,0.03760196855170132,0.03907142889358805,0.04319183761256464,0.04707849986426256,0.05057320177220251,0.05407900685630869,0.05517121434993444,0.0629747376605727,0.045979338080675905,0.038511154041545606,0.03464690478749549,0.034821190909520496,0.03619856684576145,0.03789971847399135,0.03832628790264781,1.974953032644226,2.0150515505006457,2.7029922033077143,6.274567173131058
27.0,0.041332823670946824,0.039184413252395196,0.0402530912822944,0.0440675286117193,0.04697823332203452,0.05070246847385676,0.053056984516045215,0.05532141311504528,0.0556001592738451,0.042608539214247544,0.037139638491491246,0.03483836162192105,0.034699206127353915,0.03575235859441871,0.036703222354917124,0.03765686371493354,1.9808870773344027,2.0188760183804852,2.7097910646660766,6.23141622712835
27.083333333333332,0.042370774659960204,0.0388202861532236,0.039288644684434965,0.042366054364730864,0.04502324702864476,0.049466655028910934,0.052059428230759194,0.05340000511801282,0.048903963177756894,0.03809105900830079,0.03366621408226637,0.03176676985093919,0.03166935177045295,0.03350436275146917,0.034410691752153784,0.03503527815829973,1.9780455535745785,2.021731819901607,2.7074628914101773,6.1701078469386745
27.166666666666664,0.04649056777461631,0.04400295720108096,0.04443878087125084,0.04747065320645833,0.04935364380766559,0.05265811236651322,0.05466484737030543,0.05506197785160545,0.05476889533424178,0.04080471419316767,0.0348358411322763,0.03234080557718495,0.03243360162496783,0.03424028913199574,0.03506266498265768,0.03528138531683888,1.9781605580833181,2.0243527529702776,2.711107938617779,6.260382400628447
27.25,0.04565222344607286,0.046936713940249696,0.048213410495153985,0.05176218104996576,0.05315199107333144,0.05433841687685512,0.05562129982719166,0.0558844959142725,0.07003256176596326,0.051231940108250336,0.04211687906471922,0.03734661585025743,0.03622583354722925,0.03637510925185921,0.03675151744906873,0.036627931620457375,1.9725102269864154,2.01996061379395,2.707536542387214,6.280851698627381
27.333333333333332,0.04724428378814702,0.04918278619457356,0.04948271402944885,0.05195148231765147,0.05400444722936014,0.055317052869854874,0.056149673406502544,0.05700347587953561,0.06623354682483824,0.051001520557228765,0.0431052781996717,0.03761812349916581,0.03717702979481184,0.03710546353870151,0.03735208015159579,0.03761180963629839,1.9687974252877611,2.01298298536618,2.700460736139029,6.313033103666448
27.416666666666664,0.05454205103285174,0.05421300218612142,0.05390808922001046,0.05303298606972748,0.0536413975258627,0.052900244585799894,0.052631849934958785,0.052932223262065925,0.06886052053491254,0.05303224305580914,0.04526589054372777,0.03822562939743463,0.036786523972998114,0.035864263567632976,0.03485273403670709,0.03453273771736652,1.9646810739415288,2.0095866463959036,2.70656068288197,6.401111478765107
27.5,0.055501851371982165,0.05370240199663019,0.053119052410402066,0.053377131426605655,0.053677805378483864,0.05452633045658797,0.05517100976444407,0.05509471902686135,0.06828746791615019,0.05300260985910344,0.04565734092740403,0.03932798955891947,0.03753069193974411,0.03681051317468227,0.03683558233460114,0.03637407826096817,1.9606886020295542,2.008078817739675,2.7082364246858965,6.6859143320025884
27.583333333333332,0.053473986816752535,0.05039048865846528,0.0493187331751116,0.04970295009484385,0.051499809367130424,0.05241135797721845,0.053561353844613906,0.05494939241353945,0.06179109337319596,0.04478370829837205,0.03737387282451827,0.03212726121037337,0.03219473223339621,0.032439068032551754,0.03306496993093296,0.034118059829112604,1.9509710229876054,1.9957518360466404,2.6999851700693247,6.821353031356809
27.666666666666664,0.0527546749829835,0.05052198816519669,0.04955488796931941,0.05182300722442028,0.05316948488002858,0.054515664260495866,0.055401580891673345,0.056081203010948266,0.05104739807236089,0.03879002139695334,0.03309511288405741,0.030642361180848836,0.030853485291043568,0.031561112759465576,0.03225461552603464,0.03232433719799804,1.9402111144469458,1.9912348136858002,2.688874452917523,6.693009776486607
27.75,0.04916062954598348,0.04792071418071594,0.04939674616883234,0.051113760162996305,0.052561541579899784,0.0543884204921354,0.05520582262766441,0.05655802480747476,0.04356229152745124,0.03602441028221397,0.033827517733709185,0.03182112707206344,0.03169277281515315,0.03265119795075953,0.03261896282911205,0.0332489126866962,1.943754592444604,1.9854531804673803,2.680745955505321,6.806171261841665
27.833333333333332,0.05068487390970941,0.04811803377127308,0.047556878829469865,0.04937367069101182,0.05183445378517326,0.05426449532303762,0.054879911089896004,0.05610596385239407,0.040054007951878995,0.03316970207790966,0.030310483628793277,0.029301556074054665,0.030506236923183997,0.03191245766693743,0.03273998676380827,0.033506684301082716,1.9467115686577394,1.9911795799634264,2.6874266146639876,7.045545502028442
27.916666666666664,0.051814693350501914,0.04897030230171538,0.047740171193315445,0.048985578788898185,0.05070265035732105,0.05225490902251555,0.05358067912357574,0.05429454988851934,0.04691935443500245,0.03453841914557915,0.029181689076175417,0.027332510993402673,0.027841000411524704,0.029348093316611996,0.0307870968548486,0.03138428644006199,1.9421393486092362,1.9896488227176408,2.6884093399901103,7.130935923897869
28.0,0.05261624563765975,0.04619241101917304,0.04460005247711462,0.04482635920067782,0.046440306501532566,0.04808951887558427,0.049435576446306584,0.049911970632019916,0.04730521639567667,0.030253699110187642,0.02379363561194463,0.021205896401532066,0.022508743490711476,0.024602487638578197,0.026498015846671642,0.027313877694158606,1.945791186692505,1.9893369181725515,2.687787746454545,6.958238573110589
28.083333333333332,0.05633460948545754,0.04580516062918109,0.04137633675718924,0.04129271942400971,0.04300645199272006,0.045855190637198416,0.04763500408790336,0.04788382494566075,0.04594375475279462,0.027948243281629967,0.020357304535531754,0.01825534218191901,0.020269485846661297,0.022502483743302912,0.025024682243356747,0.025936058886303886,1.9481290167990555,1.9903809173769222,2.6878708049451534,6.805694091907741
28.166666666666664,0.05426185817818174,0.04339765641391696,0.040499532263151665,0.03932244833582092,0.04269328804974934,0.04517501875450812,0.047119831128070194,0.04810814981087155,0.021160822422145915,0.009963075866334747,0.007137260967784559,0.008522177825736884,0.012993422907003437,0.01694469518688268,0.019854815543540853,0.02168389798908155,1.965462406930688,2.007837310118402,2.716895004006471,6.990184477099796
28.25,0.05418617482789215,0.04328832222036483,0.03924072761326003,0.03848278648398849,0.041300154010056836,0.0427924450702819,0.04538672524351275,0.04669697197783012,0.021257137827212013,0.011069559054849383,0.008283360913844382,0.00896729154772981,0.01255608017119773,0.015821783754627835,0.018989827370977642,0.020646278536466764,1.9684416893938461,2.0124908957321264,2.7355740929087533,7.211962067685053
28.333333333333332,0.04861220859079478,0.04252200954676383,0.0401002790969262,0.040556250358973624,0.041370438500912175,0.043024153229934026,0.044149140782365086,0.04469301815174927,0.020612338190986616,0.015357376803143395,0.014005613111487262,0.01542203705677069,0.01714092536433723,0.019122740868166364,0.020549510885271502,0.021691620056601985,1.971186628761665,2.011051562206494,2.7399624615844345,7.378896636779566
28.416666666666664,0.0505098372395059,0.04338798897835153,0.041646509453295406,0.041943782238885396,0.04342902275446594,0.044884511030637245,0.046345648420199136,0.046756896773935006,0.022530645689673993,0.01543043808197892,0.013770503949585018,0.015299932406206196,0.017379501733476427,0.019642678532689146,0.021712524346890635,0.022336527204712943,1.9726237929702,2.0121715573780694,2.7482758659386337,7.1936395335292875
28.5,0.045106836297308064,0.03855820267875548,0.03772451371145679,0.03766459460654563,0.03975112205357284,0.04158790276848966,0.0437559956490386,0.045337388902531334,0.01792756846411044,0.011888052812184247,0.010772169385599144,0.01241530240119005,0.014874734021273435,0.017185019124456746,0.019749220283010183,0.021304393606804868,1.9809918644425761,2.0153227596694,2.755826650746361,6.95970325426091
28.583333333333332,0.047287379007017044,0.040662261500857534,0.038369964579843596,0.039585628364698006,0.04083059447253603,0.043337903394372254,0.044388427623483565,0.04588826726577035,0.017472153183280343,0.00997570933049643,0.008591319395651572,0.01090625546970072,0.013455420178042113,0.016940668391726272,0.01947026293794797,0.021303075764655625,1.9887880219121221,2.0229613604930274,2.757282559453715,6.457848009606268
28.666666666666664,0.04567952598213536,0.03912705840359693,0.03676972441118459,0.03830039576968381,0.039963547780663,0.04188687517447474,0.043479898629231614,0.04487780352791848,0.01791839396394942,0.011662210572978754,0.009972239603136457,0.012063341694497208,0.014917259272592739,0.016843241083983388,0.01938975490147326,0.0207467545421827,1.9997536652749266,2.044237647252989,2.778396905768271,6.721090403774995
28.75,0.04330999635411072,0.03735243078429101,0.0352521993190072,0.03732824834275152,0.039016406291846294,0.040730640448555275,0.042579627133991674,0.044020701942266836,0.004195850166439591,0.0004402330066212047,0.0003978535741495379,0.00548647298362686,0.009095981652563206,0.0121813193335969,0.015650883860682613,0.01781340223116637,2.0021173549983162,2.062228112285589,2.799897276592481,6.875062286177661
28.833333333333332,0.041601872611809455,0.03824669515636783,0.03743923488787781,0.039554054010654816,0.04087303199705259,0.04349543821637987,0.04436918810320811,0.04493264173742509,0.0031483236705924355,0.003487942784101005,0.005172576241259093,0.009559104213892075,0.012750388807603727,0.01607959904389586,0.018112891385112653,0.01941358022987126,2.0043642068574323,2.059692829732437,2.800658447790436,6.544405566823264
28.916666666666664,0.04153218051460167,0.039944496705993975,0.04033467449586399,0.041684913091541195,0.04303808140165891,0.04457902466927138,0.04524708157661271,0.045848466163575144,0.0026802603200735175,0.0052840496438862575,0.008381309098657494,0.012101671921490656,0.014980350883214493,0.017157704505254764,0.01936207021389561,0.019985531516568088,2.004827230873808,2.0613431059385645,2.8013876490385026,6.583618149368584
29.0,0.04349334480057704,0.036998467605397566,0.036007650968854776,0.03654296828463293,0.038557717518479535,0.041200903098932685,0.042963248885561245,0.04322928537811943,0.0063895781566741415,0.002974407023404713,0.0039645022128910155,0.0076507281897436686,0.010475213863025067,0.0146365036514452,0.01784271436245511,0.018711132322330078,2.011427326559919,2.06661307487433,2.8205368643334467,6.852157104870533
29.083333333333332,0.03707260896251546,0.03501080283439487,0.03331517836569186,0.03556572076239925,0.03667037967954341,0.03888495553879418,0.04019829650587915,0.0412326989791114,0.009901908639768545,0.007056931663922688,0.005902839308272148,0.008973052443204453,0.011820682916662502,0.014947962757915776,0.01715400982898277,0.018186919743424283,2.017310952183482,2.0875432454170477,2.840071971134128,6.789952451101854
29.166666666666664,0.04277562316228709,0.038569787463986566,0.037566926900547845,0.03883575330158088,0.039491463264663365,0.04113130990040871,0.043626206182807103,0.043608209813912904,0.011496245041907202,0.010420770068999989,0.010941049609484159,0.013847473394446292,0.015963396369625894,0.01792470514053148,0.020482117108849424,0.020992983718549393,2.019224812976614,2.0964864340270757,2.8504214392425626,7.1071795821337025
29.25,0.04403867470578556,0.04032693128150772,0.039089821969437735,0.040772756737681555,0.04374267239012872,0.04556611656706566,0.04868644657268329,0.04911738701887091,0.006880345814126476,0.007629919361182224,0.009603101783259772,0.013346835771310484,0.01701382066777094,0.019591940035273484,0.02273843073751733,0.023685637732490446,2.0272939581310165,2.1084668129497794,2.87672904568778,7.094771780470387
29.333333333333332,0.04188197164880754,0.03859866704087092,0.03907826296813911,0.041852756947912156,0.04386590767983914,0.04597451669110425,0.04881232798301924,0.04967550239478492,0.011792028561092375,0.01005055449984877,0.011163012965526294,0.014969401500798342,0.017918126886931857,0.020874058156386162,0.02350319378170104,0.02463691174583773,2.0196025408239056,2.103713293288577,2.8751239307952288,7.536290728972086
29.416666666666664,0.04134250477701182,0.035562055392963504,0.03550210834519763,0.03827814683713543,0.03990943957906739,0.0440086560989615,0.045741450999313926,0.04680050247247841,0.013450953201671393,0.010292223846952324,0.011473309382597559,0.014516103861895991,0.017236948665907886,0.020856008478027103,0.022936318268868074,0.02394260656272303,2.024693711169199,2.1034973132587567,2.881019645401209,7.39252345421506
29.5,0.039062448766701,0.032218468128558504,0.0314836032208296,0.03427718702260668,0.03766387645545319,0.04094298444000346,0.04397612261462401,0.04531690843586235,0.03310247326785626,0.02068331039122603,0.016379985696250415,0.015879902273663586,0.018186860662352658,0.020645184584695754,0.023274909241242328,0.023905433910211712,2.0230551062401494,2.0926960685829097,2.858093116974601,6.7156365848567185
29.583333333333332,0.0367919431498586,0.03239589825688671,0.03182241238886234,0.03542912506435792,0.039080760189433406,0.04193094352577535,0.04558153330494989,0.047345457155645615,0.025128222976229134,0.016008636226356725,0.012581765356842505,0.013762470638933712,0.01649793700411075,0.019366604752729808,0.02185761794655273,0.023753208989127857,2.0273086864620007,2.1038815313748986,2.870581847256178,6.872017234688393
29.666666666666664,0.0351071486679247,0.03145085231056845,0.031182588027099542,0.035343152944698364,0.03985851652891301,0.04264682258921168,0.04580238677467642,0.04799470564755859,0.024332660372014953,0.016436259239008547,0.014318717715804603,0.015734494939560705,0.018511993721049842,0.021015432620381167,0.023415318128528727,0.024763808272197173,2.0286190235087034,2.102510880314413,2.8689126791520243,6.939093501097343
29.75,0.03773196184091539,0.035125342680192344,0.035587764912934146,0.03869059414695154,0.040711039057950524,0.043666098803896734,0.046143985667735934,0.04659540012449394,0.02183026934806564,0.01642213812794433,0.014650762212805998,0.01638012696306477,0.018690214719346895,0.020776296215090802,0.02316151788393805,0.023877830921058853,2.0296450610058523,2.1117041526209124,2.877713552008557,6.660396152744959
29.833333333333332,0.03508072280405236,0.03477382564483916,0.03569762800257052,0.03964607943978028,0.04265213215251552,0.045681463152702655,0.04863887176554223,0.04942287816105502,0.020328576827909676,0.016989995656724034,0.016491918758213694,0.019044862798098316,0.02157417141951489,0.02397003632415624,0.02648887123533572,0.027355367442840617,2.0352453485363893,2.1166649228515144,2.887448575750463,6.70075963207024
29.916666666666664,0.03354365994397705,0.031053528485114848,0.032243902737501925,0.03686310342201049,0.04191292202469955,0.04606593911006403,0.04853288935921528,0.05150997060062516,0.01644874795831794,0.011638991184296224,0.012032682646146754,0.015422761249196754,0.019379147396479977,0.022710808220894815,0.025731351412341036,0.027633917031450357,2.035033259533917,2.1177451983117592,2.8957655792015893,6.846269756058098
30.0,0.033607878825871726,0.030013739256161496,0.030020752804522186,0.034591615746378826,0.03898417926214901,0.04279352225823481,0.04704630704495727,0.04894432831482446,0.01769845162444916,0.009909825270447495,0.008084222292349869,0.0109374444720323,0.015085822642050049,0.018949244087411124,0.022663237745383664,0.024259386737457075,2.0378298565564097,2.117868324876191,2.8997340756355925,7.075186403391398
30.083333333333332,0.027849709225406374,0.02337370376728935,0.02583677717907186,0.03020836842602232,0.035419430460425505,0.03945388012029381,0.04387933272936931,0.045668181599591115,0.01999586137681991,0.00895882615383182,0.007139004579967222,0.008770828450677856,0.012631208888962856,0.016247733680975752,0.02008058520435772,0.02148935644641009,2.0424200284760876,2.125307505300589,2.910801274230829,6.9461865557346965
30.166666666666664,0.026606663060865468,0.020987154698935355,0.021639179533403573,0.027691191942165468,0.03154815630368845,0.03754878639892782,0.04224910574933549,0.04438263278013503,0.017904388528915367,0.005105117970277415,0.0019179211136398078,0.004468346190607028,0.008193960418386112,0.012970231350584683,0.01737476374195634,0.019889174017877008,2.0466965556030763,2.1260904988894014,2.922666633147635,7.163380071174029
30.25,0.02623803570936223,0.02258995305854883,0.024008202897499126,0.03066196246264936,0.035768348652498456,0.04216543418754966,0.045944258725330825,0.048220874665397234,0.016694431622399485,0.005648223555741542,0.0031120869184366228,0.007101934131405201,0.01097410371010156,0.016547504604442008,0.020613503331721645,0.022686486308127897,2.042558890841545,2.1148125098947794,2.9191951187997915,6.935058262771097
30.333333333333332,0.03164036483552305,0.028407441800831316,0.02944892727963553,0.03527643550509469,0.04120398933402922,0.04542006620718547,0.05015070327647336,0.05193182240571189,0.007653124263270865,0.003550861444714959,0.004162800386601138,0.009231391338750955,0.0146711110654649,0.018402751446125017,0.022515961131119745,0.024218111517811225,2.04885382353347,2.119774022374859,2.9292871159665355,7.389812879022559
30.416666666666664,0.03306253756634041,0.03152597769283876,0.03348790110965736,0.03931207150473169,0.043437400887346204,0.04771386278282078,0.050397843067439385,0.052914593722520734,0.01678831583444105,0.007756175486539621,0.0061915831431257826,0.01034330162181709,0.014629098839672883,0.019026803469365017,0.02249054165965251,0.02505252901332092,2.0583417198365437,2.1311433712673087,2.944902171483882,7.476782634522549
30.5,0.03631015680436639,0.03153918387761588,0.03315131301995654,0.03690772338408281,0.04025661327138773,0.04373216563750664,0.04631768215850542,0.04883622170988239,0.03321622125172,0.01747615222758713,0.012796068000697883,0.013080732425464231,0.01575305206968294,0.019107655078035708,0.02200825122613927,0.024480212652107657,2.0678210152144736,2.1546018171126153,2.972182712729924,7.605392144355443
30.583333333333332,0.03190340906937271,0.029717737415349138,0.029798135946311165,0.03421280777959596,0.03796397477177697,0.042053125973457915,0.044881592141942525,0.04713228012745295,0.02221498411751457,0.010730903551408228,0.007029014682643311,0.008806214183818167,0.012269205049726362,0.016151044235159426,0.01922182518189407,0.02154689596415262,2.068984215169479,2.1547957221826204,2.9780405976815962,7.555551823261225
30.666666666666664,0.030755018109157966,0.026019452815353214,0.027367063401691826,0.03209038839039072,0.035756639932409115,0.04094366128525982,0.04385794984923652,0.045664541858553565,0.009320498505435856,0.0007408993268480859,-0.00019328091015549597,0.003427521685460261,0.0077872906129425445,0.012602387386267754,0.016146377412849803,0.01818492274499864,2.0760803619253894,2.1586043198323344,2.983257368873264,7.109431755231784
30.75,0.02710549145901763,0.023990268339019433,0.025343552504305825,0.02967730344401349,0.033733681198918716,0.03934844714516188,0.04167193481474381,0.04380507489424153,0.0034945214453576227,-0.0034579161693782503,-0.00425554925646948,0.00011020715006212257,0.004620868307802148,0.010443096300552205,0.01410085227247554,0.01646165507838296,2.085769249388442,2.1683031851673396,3.0010200157005382,6.868147029807549
30.833333333333332,0.023979859648428324,0.020796645927020668,0.02182802782748942,0.026343021391761836,0.03205760009526249,0.03523479351332641,0.03967703593698447,0.04037002423991072,0.0010735788902426714,-0.00713408673774256,-0.008049669744672933,-0.0038624084350944647,0.0016705935500446445,0.006304044167423215,0.01147478949458254,0.01268489648976333,2.0888752106862767,2.1733689742584588,3.007786687522562,6.617658821993929
30.916666666666664,0.029050179656739367,0.024357117612358394,0.024852744344916532,0.028341037087765447,0.03319202580377074,0.03723897347478496,0.040855922121278976,0.04247900385465639,0.006437220519452001,-0.002905514055740652,-0.004451618026549046,-0.0011449952962535774,0.0035877892322228135,0.007892253538338063,0.011911659416290491,0.013907826047745118,2.0927509956724735,2.170329971921864,3.0147552692272357,7.04245121917566
31.0,0.029674472481454987,0.02576014113555087,0.02714472972446909,0.03194527105752091,0.036457335423127735,0.041078225738131004,0.04460334535262588,0.046655470601313136,-0.007595314727741763,-0.010009711669257808,-0.008211183824443502,-0.001806298415754974,0.00419965959652287,0.009541035017619262,0.013704472577643316,0.015650683205655255,2.096093149899618,2.1809092980661697,3.0329961013533127,7.255860059804286
31.083333333333332,0.0246946656448671,0.023121033950784006,0.025014638545197303,0.030439886457437716,0.03516343302900729,0.03933797668998107,0.043463800910559666,0.04528653834051176,-0.0010669220050799658,-0.008210160915018782,-0.008317191402367441,-0.0027460324293853795,0.002911538964151871,0.008663213336589239,0.013512122733019724,0.016220916330017217,2.1024194828640814,2.1864115996146816,3.040321513954695,7.108446212387426
31.166666666666664,0.018206604715204577,0.01753227218563176,0.020377286453615744,0.025786482498494873,0.030147354943675406,0.0352040586739162,0.038735866584236014,0.04057958607982927,-0.0018930876347130446,-0.009503510052934318,-0.009305969920980222,-0.004770258589389225,0.0003741814911245166,0.006246452695630431,0.01059728646133288,0.013247903733017813,2.1096578210053165,2.1845544857820363,3.0456581917195855,7.014765722867471
31.25,0.023592060929531068,0.023828980525895965,0.02492148485679952,0.029783068416483136,0.033689285335488456,0.03752788928827859,0.04069421458902576,0.04187553556614804,-0.010508727123264198,-0.010994675025665356,-0.009006661730887705,-0.0031909132097553265,0.0019880908283693957,0.007702624683248037,0.011278403899500454,0.013372783579499234,2.110143237401863,2.1918040027503913,3.057498272905625,6.977187871907499
31.333333333333332,0.025233728360011826,0.02741834742778923,0.030446047586704453,0.035305851828741415,0.03777346151697697,0.040641679715194265,0.04354719638412998,0.04535510142593287,-0.009061535292133164,-0.008484182238097722,-0.005688026179185977,0.001089847564250219,0.005587433632356386,0.010261081089582881,0.014718994691065872,0.016866434606467504,2.1250701793143865,2.2039578304618477,3.0818138329437184,7.027135398184384
31.416666666666664,0.024831179906052464,0.027965430114380147,0.030438814378711015,0.03545699554630061,0.038690637917520525,0.04159148478950031,0.044310971049774384,0.04605235601821081,-0.02248366983166762,-0.017147547257785768,-0.012018883540067799,-0.0026496383032000056,0.0032021690540389794,0.008085994240547446,0.013237161738828647,0.015842963626336595,2.1291645917524873,2.206394635200348,3.084310649586484,6.723300593264247
31.5,0.026714332167597058,0.028212454563006292,0.030816289787129657,0.03626706596383102,0.0415880568925147,0.044550136300725074,0.04828525126057571,0.049696798970422604,-0.022147392970480375,-0.014750165505849976,-0.008171321408405057,0.0008614436224066976,0.008126423108325507,0.01281770678099391,0.017548478233015488,0.019608544587619715,2.142080344576302,2.211774959448017,3.1026592876046943,6.9929766742152175
31.583333333333332,0.02906753114232498,0.029025410330328155,0.03135815760841237,0.03653856506084562,0.04100875978893698,0.044060310941927555,0.048229726724707836,0.04921276564691788,-0.013446144551218243,-0.009177543904967125,-0.0043509355133766045,0.0037812428060151654,0.009758697524117633,0.01404764263986511,0.018783781881139685,0.020421471746287466,2.152845879276748,2.2340641577860954,3.1232273716167764,6.695671201776331
31.666666666666664,0.03223477958998892,0.027999242406237766,0.028262076043017267,0.03351925300851498,0.03661413355784639,0.04105461958896661,0.04477139906332017,0.04682203063489879,-0.005250647312280085,-0.006412053604636918,-0.003914984014257925,0.002357902885921258,0.007012098669707861,0.012074627306663503,0.016553627493280917,0.01850323636877139,2.16315706498685,2.24607464845041,3.14374797432063,6.742195347982468
31.75,0.03594021390311759,0.02946391824157789,0.028602906621654923,0.03194679009539748,0.03577203916057755,0.03946113487706338,0.04331300453431253,0.04509452123452912,0.009408827644284554,0.0012472022426338995,-0.0002519298892003455,0.003501162046854503,0.008086338425433331,0.012008034866859007,0.016952374155947844,0.018655251999343005,2.171791696749449,2.2564565567339505,3.1569170472314485,6.427774503648276
31.833333333333332,0.03137922821734177,0.026207475515625668,0.027153944905971502,0.03234499693700192,0.03509676285613183,0.04030181212856282,0.044290686487384275,0.04572724029671021,-0.001122639232476331,-0.0059124709593891414,-0.004366282177211305,0.001216686182467292,0.005212747565431026,0.01053804704462576,0.01446221503873578,0.016166976691366745,2.176866129936327,2.2667975573235255,3.183620428516983,6.912067358888054
31.916666666666664,0.032526342903160206,0.026950062976943072,0.026890222037182183,0.032661597040846535,0.036397055350081614,0.04131122105559791,0.045702481074474346,0.04749523620643205,-0.005836083284069177,-0.008952834621248863,-0.0077914589382826575,-0.0011053272464826242,0.00360422719094802,0.008900421905626595,0.013790734679193539,0.01603811770364812,2.1830704861984054,2.275882226857815,3.2060606425724787,6.828006112924921
32.0,0.03658876927664689,0.02812261414461746,0.027213357389109682,0.03048411080581302,0.03544232763517638,0.04001827003474568,0.0444226823791202,0.04744242190555005,-0.004524173963279794,-0.007126933603094467,-0.005787713079961662,9.5259449908392e-05,0.004884941806638075,0.009948937009936104,0.01385323906732399,0.01659285226468841,2.1932573066270766,2.28695874252716,3.2277737210148363,6.842506891821281
32.08333333333333,0.03445234078345702,0.03274714804641716,0.03288584559636963,0.03664460269302192,0.041345397557735114,0.044886247645189094,0.047894449400969596,0.049667218485117515,-0.006526291751214882,-0.0012574079415383337,0.0021150775811862622,0.007385787009682491,0.011553774247661488,0.014254915727915094,0.016901338433334592,0.018236973020441704,2.1989510599669035,2.289602300878301,3.2407650017125493,7.016659295458787
32.166666666666664,0.03182771119389912,0.03195497443993362,0.034141652515094115,0.039082759783527515,0.04255220768566972,0.0451265548650414,0.048218516293582356,0.04942251115509281,-0.001644482441347049,0.002165683994162535,0.005838547376832766,0.01016325188686501,0.013096648739592874,0.014751307542197951,0.017329052947617447,0.01802849349631102,2.2009120581586554,2.2901171190802843,3.2409155538502237,7.015782739668809
32.25,0.035117365106687684,0.033349926931180045,0.03441839377064761,0.03858397341120526,0.04166891058028115,0.04507026011935579,0.047653513879945465,0.04861487122894609,-0.006692338559898435,-0.0009659000091867335,0.003180188483968159,0.008532619176429364,0.011115297942188998,0.014207636576534429,0.01625636465625742,0.01683963629194131,2.2101680981996883,2.2995546129462974,3.252749334756976,6.797923141135857
32.33333333333333,0.032642615915050036,0.0342988626128389,0.037477681678144206,0.0418842929224782,0.04501751743950079,0.047576667995649496,0.04953460365635505,0.050566185213024445,-0.003937690607074304,0.0034782999150926963,0.008260284034283924,0.013586569629972201,0.016133675727727594,0.01778095173758092,0.019447073520829306,0.02010416540927955,2.2161643492255574,2.3068238615048955,3.266245128039676,6.598779074313392
32.416666666666664,0.03275299191230413,0.03721428049240469,0.03987037025385076,0.04397819908866728,0.04721213426905592,0.04908391660981866,0.05161250482047518,0.05219702142798141,-0.003624082037090983,0.006783271950792394,0.012505765215576555,0.017673435951622265,0.020150062384708754,0.021093946454455954,0.02264617731580416,0.022795535314534276,2.2338098122278662,2.326189141279518,3.2937315177866515,6.334991896887979
32.5,0.03094212821144044,0.03554130150626468,0.038448684722414965,0.04327485965621706,0.04635011662070426,0.04865990723585215,0.05032734985744503,0.051277983456351435,-0.004149072392643303,0.007837734917001878,0.013994765053127023,0.01937227824488393,0.021293650226858675,0.02262266378281063,0.0230372736855481,0.023061353265870135,2.2382075226273623,2.3292905401748856,3.307793262729137,6.652078161491163
32.58333333333333,0.03783465708034737,0.04118529930329674,0.04457509857176198,0.04913326635053317,0.051136767095052695,0.05339562355266215,0.05493939173839902,0.055050706760261636,0.0020689964776112613,0.01412179596001285,0.02057613921809871,0.025487214778646832,0.026754115939476273,0.027529125827769528,0.027634199150122017,0.027412778419666523,2.2397781497863245,2.3290131962359535,3.3161053150570665,6.708066937993464
32.666666666666664,0.03854114221288707,0.03921265939425602,0.04119994018065501,0.04520036896335118,0.047771147252415685,0.05008369180677613,0.052743919743800154,0.05276449152293856,0.0055859953717063695,0.013902174558641641,0.018406862083501566,0.022508964899432445,0.023621130241707075,0.024380915242440283,0.025368544002320248,0.024899691322440565,2.2480012403711274,2.342509374720268,3.3487881185458432,7.074917978521176
32.75,0.03882602370236899,0.03783854026571455,0.03893493399134774,0.0421404543323596,0.045826049687610004,0.04855238418569774,0.05107362903391981,0.05346151174798946,0.005377710055515954,0.014025434134730962,0.018766232276174178,0.021957300286828005,0.023193427589360282,0.02433178371353355,0.02459917147321701,0.02515757407155146,2.260333104309461,2.350604318839384,3.370519602159284,7.224800966956651
32.83333333333333,0.044396655106134164,0.04210438172174691,0.04229020286039055,0.04593705185220072,0.048718031770264326,0.05016958586349694,0.05317643914732052,0.054213328560336685,0.016039292604522255,0.018388253981640203,0.020179793471739593,0.02297106649301008,0.024525807092368207,0.025008276445673647,0.026538801083479977,0.026991105626445668,2.2532112892356526,2.3500091043457254,3.370627562190916,7.364456910975126
32.916666666666664,0.049909506137520515,0.04899065075773682,0.050290159339821214,0.05119161402582266,0.05236201848641073,0.05358978672354202,0.05484021955687218,0.055633686549518085,0.023512703988815824,0.024616850451905273,0.025715452326798914,0.02627360244778199,0.027118246771089993,0.027611692253148443,0.028226248640444894,0.02886585771634083,2.262129658785908,2.36566900557755,3.385313767449385,7.068410497838524
33.0,0.048322028016193654,0.04693358501000977,0.048305696619875535,0.05013119921637037,0.05167958479151859,0.05370618811549661,0.054802941147423026,0.05617276434020897,0.020666245014183602,0.02093684212940682,0.02214001224377526,0.02347028547474875,0.024191002830694214,0.025486398058743438,0.02619133901123897,0.026902995546585137,2.2636138989417205,2.3628824688851817,3.386603122073285,7.085704013466467
33.08333333333333,0.04772757496643974,0.0438245629162461,0.044482039087262545,0.046779735489500346,0.04884248879745682,0.051653497376395754,0.05329579610155656,0.055297634857822534,0.019741146234644822,0.01864656914812362,0.01946764602358553,0.021038891677439622,0.022758073280645875,0.02473935223407461,0.026018159970600245,0.027493899707826352,2.2702344356472532,2.3662692996514894,3.397910976783686,7.2542529279513355
33.166666666666664,0.04650225201562541,0.04275042160191633,0.042066097820051274,0.044508351110967764,0.04704418450495314,0.048650896551334186,0.05110685377058989,0.05172542706806478,0.018501045509314803,0.01790428515116499,0.018508518021528572,0.021168858662960695,0.02288116602468133,0.024225009069994034,0.02592230119695949,0.026125543020574106,2.2716141452185346,2.3622955059117814,3.3911269185035247,6.857483371914936
33.25,0.04701587830526627,0.04569482897032663,0.045667374024646025,0.04747186253610208,0.048751216026274594,0.050351055069217464,0.05157837878142513,0.05311630974719707,0.012261674413878274,0.01628695046771292,0.0194724150198249,0.022510407366164758,0.024459093164415312,0.026280769921458697,0.02756091451165609,0.028928068565764763,2.292626521263953,2.3831915456963397,3.4269429985816307,6.924550928889738
33.33333333333333,0.04859914764973722,0.04394119185490883,0.04293454625930527,0.04393808482715848,0.046079216757925576,0.04762123734237801,0.04953462546539784,0.05011459089950106,0.008471751032030503,0.011083123596429777,0.014103777183315685,0.018152204578938336,0.020877229592591647,0.023263343539639287,0.025283376754399303,0.025990395872824968,2.289219963701706,2.385674895281677,3.438118791037791,7.568353984172194
33.416666666666664,0.04609615769622222,0.042355016841227056,0.0413511259831793,0.042513698451570825,0.04464803396993873,0.047018339956463984,0.04902053528585352,0.05001145884681558,0.007950006846019446,0.008665176587033795,0.010755594863253715,0.01448451171108904,0.017272682859041506,0.01972425723172215,0.022163808698304102,0.02344558206589841,2.2877943200990125,2.3908660353030906,3.4562759032892862,8.25537972221944
33.5,0.04740626924228594,0.04344901873319793,0.04236541824194122,0.04335949135860976,0.04484042067667447,0.04689313082203505,0.047749940601438,0.048627667836627864,0.018324817559246195,0.014615860690458744,0.013907030124843072,0.015151680033547157,0.017083200833526206,0.019289095285516433,0.020701687190558985,0.02196645506554664,2.2927460560004205,2.3965836079331786,3.461064813851227,8.310944507578384
33.58333333333333,0.045868309768089074,0.04037792910526487,0.03943792359596473,0.03985680458958675,0.04210543276908848,0.043614732388901914,0.046415215778942615,0.046772145132538495,0.023977236429649176,0.016022391438810957,0.013620641737903396,0.013174638679768768,0.015385094629687476,0.017280962961067882,0.019726155349752354,0.020176178847638632,2.299283465845713,2.3926335451662863,3.4584975789511523,8.196287817458325
33.666666666666664,0.04438650733426095,0.03647895945674122,0.035269135244686584,0.03686947062048619,0.04079737341187027,0.04335185408800771,0.04631096976710465,0.047664921610157146,0.022248010444893322,0.014191657572066408,0.012125571805075853,0.012850725822192129,0.015484430634399029,0.017529741686336423,0.020078321747639877,0.020980211648368382,2.3061397244132147,2.4048982874214504,3.488722674887637,8.740338636709538
33.75,0.04082996012447167,0.033554086897932184,0.03173268591458375,0.03448260731811889,0.03781475757467802,0.040351329303770854,0.04386061834170281,0.04485321329413844,0.028616133282881425,0.01661894367586086,0.012025284870029608,0.011623913574905255,0.013726864070110622,0.01547769770637776,0.018126398040915533,0.019319604237837035,2.3125759340341268,2.405935027163413,3.497146688674653,8.707086604873803
33.83333333333333,0.04081443265864637,0.031367944692237075,0.029695037212384187,0.03133469455768437,0.03546580270953692,0.0384675334273796,0.041587750415557845,0.04299927587961513,0.021931449767595874,0.011865827587864535,0.009123443258777461,0.009349178648553648,0.012155021290750903,0.014307144499236797,0.016462026065801185,0.017587205129896342,2.311310462820682,2.404405720253407,3.5011627933352565,9.001867028258701
33.916666666666664,0.04215567579204642,0.034073991881470055,0.03198911252210958,0.03289072833066659,0.034999947720992235,0.037724220026505446,0.040572477910324284,0.04160783400401037,0.02009529368202466,0.010388008371417677,0.0074249488734539635,0.007746946597402688,0.009207930252094315,0.011537319275503607,0.013569187114130367,0.014782687333247963,2.3079938842613235,2.3903111663681154,3.488890546550176,8.943047751697113
34.0,0.03899965056587285,0.03194651343436582,0.031143162679966085,0.032487744574002435,0.033674021030214746,0.036923261122077534,0.039837416256254546,0.04030651069007215,0.022773275549151373,0.010837448492089476,0.006764982991428186,0.006277266536772974,0.007916518914052872,0.010793796963357855,0.013455681178848142,0.013919490071165237,2.3159344596480564,2.3915160069263,3.4936671933367185,8.480236057386138
34.08333333333333,0.03819973458559269,0.030562289694107903,0.028669061649646284,0.029730967561760246,0.03203665906641688,0.033828656958871814,0.03673699351227026,0.037008799017019374,0.020668383778337282,0.007483246807240679,0.003398514451079231,0.0032972188848548597,0.005597075580628445,0.00843170817783436,0.011450958190058836,0.012456568668851737,2.311298273003105,2.391286932039207,3.4901146091618793,8.099718069282991
34.166666666666664,0.036270822118778176,0.03244895494227417,0.031024003496328924,0.03232810512389265,0.0344695609618884,0.03616372214154323,0.03870691429302604,0.03909897587836312,0.01518094004153095,0.006717286446860061,0.0036049416442368396,0.004384420127543168,0.0074446063147955745,0.009513014939850309,0.012298128529935113,0.013177227443443653,2.3224407214035665,2.399182779196226,3.5127888243815475,8.899248359581097
34.25,0.03809424592580466,0.03428052826227988,0.032434337341461256,0.03392429305255215,0.035020560067045216,0.035996929385706464,0.03789168017716008,0.038077492300451876,0.016446223591070525,0.00845116463884474,0.005387192609397391,0.005720730925770449,0.007186173559639128,0.008895092107643644,0.011082417134614534,0.011841644872106868,2.326936792399315,2.4044810429575234,3.5259302486645643,9.093936622548311
34.33333333333333,0.04097389609129852,0.03575962235317065,0.03459860910532652,0.034746777964182365,0.03571999120086137,0.037322361441578654,0.038554364324052695,0.04020219172526418,0.020361109401321027,0.009555550038365114,0.006296003071584029,0.005209240298381317,0.006514622375682155,0.007982537552778328,0.009305271018213284,0.011090859680621644,2.3364400779003778,2.413875441229396,3.5433894179411918,8.950294297338697
34.416666666666664,0.04255925765755809,0.03469436190358993,0.03248420283426051,0.03395569865422308,0.03580873024792548,0.0385130551778215,0.0408269869076598,0.04171826363120806,0.021679999720315944,0.008543982219404516,0.0041090700471929035,0.003523149346094289,0.005068636229529192,0.00783745765102293,0.010061968865062181,0.010691842013837686,2.3325748247488076,2.4032067284869223,3.535557016207516,9.235120268587693
34.5,0.032247041546423924,0.0277516418440859,0.02620808628116026,0.029390011789977737,0.031623736686835255,0.034981969939069116,0.03761896802985823,0.03882200977372983,0.01881558144185285,0.004632861879716484,-0.0014652288067715285,-0.0013628009090940435,0.0006472636270110833,0.003875803343257344,0.006681252580503658,0.008085393921131605,2.336994985582601,2.409801551885317,3.5469352187506975,8.939861853020739
34.58333333333333,0.028216432955228438,0.024595888651681948,0.024748951193619105,0.02773226846362779,0.029220430454398896,0.03240288400891884,0.034157185251497676,0.03581943148618001,0.018598064178403935,0.004142467279782497,-0.00010350392052071989,-0.0007594416826396947,0.0007537165349516296,0.00435864953440833,0.006559873241975324,0.008078034216347285,2.3379539839278474,2.4131475055255076,3.555267298238352,9.318213597372571
34.666666666666664,0.029742912595098564,0.025361598937297888,0.026370404806248204,0.02896071100676177,0.032465234619652325,0.03555141495098127,0.03863571373275154,0.040106622395688435,0.01552393580107151,0.0025912815719959276,-0.0010044829128703925,-0.0004160095077666188,0.002458090615557789,0.005791707813003811,0.00909014621207651,0.0105398765366468,2.3466139611538286,2.424262527611731,3.5632803527831065,8.546767557694183
34.75,0.030734818827308073,0.02588253248189678,0.02576954483558326,0.029629675283880587,0.0329748210788544,0.03601987429136471,0.0390114512080604,0.040874699205089855,0.01702185679018589,0.003396167721040373,-0.0007292051295364932,8.014318027267886e-05,0.0028533493114080884,0.00592028461784533,0.00897132827271937,0.011034163350127378,2.3531124574190416,2.430213930814424,3.5848380565037417,8.990089867365578
34.83333333333333,0.03103422099768135,0.024579110051750987,0.023448666004566313,0.0262427781362845,0.02945546453151211,0.03231193409072131,0.03580796995137338,0.03677523563222599,0.008150333991086755,-0.005067831370519293,-0.009269265461640391,-0.0076393081049972505,-0.004176994719010963,-0.0006812956032462827,0.003018876601535197,0.004630854566286655,2.3590810978673074,2.4187183256403553,3.5681192388639835,8.499018288151863
34.916666666666664,0.029237980423566422,0.01938329371579006,0.01868045943707848,0.022220359899755193,0.025426532268747047,0.029566633322750103,0.03265423773730431,0.03465324624614357,0.011331584840139403,-0.006330407235050104,-0.011325361109022294,-0.010448356104640438,-0.007186759573661592,-0.002640417721458104,0.0011277305781281547,0.0034418835650462695,2.3680795089227757,2.4310350837128687,3.5804627162136216,8.400749698900889
35.0,0.03215647257893099,0.022729189049883733,0.020143437144944806,0.02115030350309681,0.023200881132776612,0.026956758459336764,0.029961641860750125,0.0318365737438414,0.013557212944525077,-0.0033566410075321768,-0.008545431817567808,-0.008821750499288182,-0.006191738331517639,-0.002167659407099783,0.0012780235916139597,0.003068047779996051,2.3617886183588013,2.417958487668837,3.5541238826284425,7.685784290185529
35.08333333333333,0.02962814954083067,0.025641703532366094,0.024039086392553553,0.025291187770198037,0.02835717787929632,0.0294296689046816,0.03040773715528743,0.03119095569051699,0.015127309470309509,0.002179211501599238,-0.00327272800551678,-0.004251031826691199,-0.0017338010725626695,9.203295093658709e-05,0.0021759005629698944,0.00288293510312826,2.3571353108553494,2.404374040259209,3.541090989283203,7.486887472096577
35.166666666666664,0.030240082307716368,0.024242809154069567,0.0229734724040639,0.023450868837656028,0.02527779473925307,0.027057793912629843,0.027754607878855395,0.029244270707913796,0.020256092605820078,0.006724556214369893,0.0014389582067638887,-0.0008050283912409255,0.00018955959006212764,0.0012613960136261158,0.002279097071364242,0.0030469891369084663,2.365664953364282,2.416856018358206,3.5667287079658823,8.154136482509935
35.25,0.030789774869255496,0.024302865244239028,0.022024519154659607,0.022736402647143227,0.02440587814623568,0.026153553183393286,0.02733123996785385,0.02837975358924805,0.010840587955513896,0.0006844583665751021,-0.0032568254529416053,-0.004020283535833003,-0.0028361009384827033,-0.0012729074208671235,0.00010082558397488544,0.0011956268664803033,2.3660213323257624,2.4172025543864137,3.580000368203261,8.724123093594756
35.33333333333333,0.03253818614867698,0.024060560284036296,0.021847533782309574,0.02106534188387315,0.022759446757328872,0.024020566678265867,0.02529898711399909,0.025528607360250512,0.014135010215534389,0.0006372826807705852,-0.00432743571523525,-0.005723417333654028,-0.0041941739141960555,-0.0024957952960519597,-0.00087179636760117,0.00041572626141052734,2.357710153099089,2.4138991076363423,3.5812402692331364,9.10169062620741
35.416666666666664,0.03414954145122598,0.028112415058833273,0.02657436356001576,0.025911398534444546,0.026362842311235056,0.02757781629412148,0.028277695294119876,0.029371491284239142,-0.0038565035209464204,-0.007352104274445132,-0.007749104769919747,-0.006256569785820133,-0.0048668297717984815,-0.0029981022923913107,-0.0014659298116229057,-0.0001964112446655108,2.3663354647284947,2.4280322857529555,3.6097508861892913,9.221063481601341
35.5,0.035422978231304164,0.02507952898073934,0.022502033735875168,0.022351534821279058,0.02422458663146712,0.026697053374455396,0.028011517436681607,0.02948512379281642,0.00901374351949873,-0.00206356591979305,-0.0058161846820987935,-0.005768351249556916,-0.004299609180585029,-0.002127722387259677,-0.0005136973346262911,0.0009922318082813747,2.373169939782104,2.4357500342504865,3.6193737253949645,9.364485581649202
35.58333333333333,0.03318391848828873,0.023789906451810377,0.020474832085815867,0.021409722509819526,0.023475718828300067,0.02625552698212097,0.029438306463962383,0.030525920231837235,0.021443256112672632,0.0033716678736193427,-0.00342813767831639,-0.005585461431991418,-0.003720952162206831,-0.0013680912500295733,0.0017690193188450133,0.0031216122679882286,2.3793926542421033,2.441040106587824,3.6267920698936833,8.674704772856543
35.666666666666664,0.035339194269163515,0.02669376876245116,0.023694621522942386,0.024789330193146827,0.026073530443298687,0.028645900560484768,0.031072536308528187,0.03272582542759479,0.022729615070453554,0.004654533716352993,-0.002991037266027871,-0.004515316615711442,-0.0027046615073506885,0.00027242526654613555,0.0030178598837057613,0.0048112300534145945,2.383358468355712,2.4441255883993303,3.6287308865896715,8.782953013346825
35.75,0.03842049252474111,0.02902402018139162,0.025600658766356275,0.024931973530679698,0.026290593767843637,0.02833734702179346,0.03083061656417499,0.03117414953328741,0.018261285103613963,0.0034700325773848874,-0.0021133925536038854,-0.00346928687050377,-0.0011683159819474028,0.0007405389472127063,0.0035739248701213136,0.0045764317701683654,2.3846114225091952,2.4515039525621094,3.635875616375227,8.96099368350469
35.83333333333333,0.04048638664404134,0.02927378059235242,0.02618808554122419,0.026841023035780686,0.028742745355708612,0.031317466641221085,0.03389343315554618,0.03562825133123116,0.007644584635298163,3.264083814253913e-05,-0.002235062198720705,-0.0010754899379489338,0.0004166971791098829,0.0024091957149775366,0.004627517021462175,0.005931954649201797,2.397000130194588,2.4514685066595043,3.6458709054956846,8.62052797773007
35.916666666666664,0.033000045110706894,0.024289319536920716,0.022695689473077294,0.02376785849511047,0.026388575786079164,0.03014617719057002,0.033247886892207805,0.03476426400851658,0.0018245353135660958,-0.0033523213176195883,-0.004016385104110561,-0.0030481374162177216,-0.0006429226825002525,0.0017034791339603586,0.003772802620000947,0.004855468581857779,2.398562264286682,2.4561038641361517,3.6600400795106864,8.799230656866072
36.0,0.028087967658895752,0.020415635870748405,0.017576387825889654,0.019669300176209548,0.022947319505130827,0.027047771399267218,0.029327487255414272,0.03100888538540643,0.0016032459996653493,-0.006756058535474141,-0.008756460888323726,-0.007374143938708727,-0.004973321217609563,-0.0018681200228000039,0.000704324866647689,0.002017163231487709,2.4116578915538023,2.4690052101205664,3.6842761294441932,8.777020397018838
36.08333333333333,0.033737043655249925,0.023594486889981003,0.02024401256082351,0.021401552295366364,0.022967196551040077,0.025922560418377087,0.029263171031078204,0.029292178401954437,0.007645334551126787,-0.001363092660795616,-0.00452033552098651,-0.004014519006220599,-0.0028665016045671503,-0.0006081323013724579,0.0022251158265245365,0.0022750802232496315,2.4210315874375574,2.4818861058877406,3.7149161539078843,9.139507793585686
36.166666666666664,0.02898911315649294,0.021100564785656084,0.01823258636160414,0.020060323666377992,0.023358657956466092,0.025744817698744978,0.028391127378764314,0.029123045152068518,-0.0068817613496724795,-0.009475111765757589,-0.009941068408821994,-0.0063792556850722935,-0.002806206781041402,-0.0007666321050161364,0.001673283322801559,0.0030896753896538258,2.438225407266548,2.486944013754651,3.730712025849349,8.999317481657354
36.25,0.03309408287975324,0.02339888003743379,0.019896044174915473,0.020528980679719807,0.022694631170294834,0.02492886206548301,0.02609256673957294,0.0269043749652651,-0.004655781009521242,-0.009857786226070357,-0.011077587538638758,-0.008442279044326411,-0.005474357834501268,-0.002469209663253812,-0.0004408071132264967,0.000337834658246126,2.4435401042635534,2.4998516291233033,3.7586101576284676,9.370456675828436
36.33333333333333,0.031876757766847966,0.020548517447080368,0.018246244382195333,0.018686833150855148,0.021645855094522805,0.024167578855716576,0.025926147113275688,0.02819119294414098,-0.011467794597854235,-0.014672809981314755,-0.01432571440750847,-0.01089029412722428,-0.007306524155031048,-0.004033276682062584,-0.0016130854589486011,0.00011821439156925863,2.45955810880141,2.5118642548176635,3.772999212568273,8.762241695936057
36.416666666666664,0.027359157423267735,0.018236813274487836,0.015846799702859765,0.01783750743994639,0.021416772443408488,0.024000119386475192,0.027797711026907885,0.028951232655365776,-0.008072033487655396,-0.013365739495037176,-0.013700289290555731,-0.010968020016151638,-0.007221522218261149,-0.004761796061698893,-0.0016339479179624378,-6.193499004464721e-05,2.4546527784240046,2.5019111033768193,3.7587911378339225,8.602379303547202
36.5,0.0255755645602484,0.018915633764168743,0.01688379956164692,0.01862548937199177,0.0220247787705323,0.024459692945938666,0.025922800112796088,0.02825322751654238,-0.006324458123777403,-0.010541155922893727,-0.011535677299497624,-0.00989483034709955,-0.006961419614828529,-0.004520786384407358,-0.003045747666224218,-0.0014663107572150213,2.45383563194133,2.5023598438962824,3.7460146552615115,8.334553359015642
36.58333333333333,0.024218437813919767,0.016644362168097244,0.015079876887536325,0.017926670151734842,0.021062707278377255,0.023417311270021463,0.026606946201205385,0.027973952170843253,-0.005291378266131705,-0.010898150000129773,-0.012181492511426764,-0.009935567546109584,-0.0076082549588185775,-0.005293364538027645,-0.0024083144334447826,-0.0017914136049188168,2.454447557335102,2.5036268044956653,3.7537189408072904,8.51516776695911
36.666666666666664,0.02385238333721394,0.019190972057743044,0.019009949838943645,0.02264900636344178,0.02566191332473694,0.02870075631561131,0.03128291478580386,0.032419976789813676,-0.009537891884462173,-0.00922106003946975,-0.007625375592508307,-0.004345490803670567,-0.00209313972141527,0.0001837662880521452,0.0015671881237930407,0.0025440732397747716,2.4468327521014723,2.4934931172640447,3.734126812630978,8.399288839094734
36.75,0.024513598865038674,0.02052038584582265,0.02039843452173333,0.02320350782097789,0.02572049770716438,0.029424807989378333,0.031914796046005375,0.03276784938973746,-0.018707664745988162,-0.012078290844554716,-0.007751380430724993,-0.002944495668818222,-0.0007787752560915919,0.0018258554891784238,0.003474058833364527,0.004034609357277866,2.4586668963061267,2.5017699685246977,3.7553867637258125,8.560582370437173
36.83333333333333,0.026217743636572748,0.021287698383117747,0.020428420130136526,0.023848096946004545,0.027373428873510762,0.03144252364009017,0.035073516883415264,0.036464949975035035,-0.016348408039580542,-0.011498321832283475,-0.008195613565408561,-0.003261078045510599,-0.000326810534632756,0.002484040541468518,0.005250677877262204,0.006086125124612578,2.462915096885693,2.507213249078626,3.77258718914637,8.751981854420078
36.916666666666664,0.026273414899618916,0.023842683489853217,0.02405673911779991,0.029275073587240446,0.03290475211939805,0.03619456537741392,0.039230719123053676,0.04059059918599088,-0.01652952079607272,-0.009631432036994715,-0.0053219826488799145,0.0009742119353305629,0.0040978757182825185,0.006237844413541335,0.008276511138615984,0.008823178488781227,2.47300050198321,2.5136929946110502,3.7911593140995583,9.145213124451033
37.0,0.02288674424062225,0.02157625964271534,0.02345920832850793,0.027118636122141906,0.030136794713669927,0.03361254890978029,0.03639377564189196,0.03778777138452852,-0.020128668299230833,-0.012572157578435716,-0.007122897967440061,-0.0011891516718396241,0.0018054531139162487,0.004700342223001836,0.006990273352106381,0.008045845365134714,2.477865929302352,2.5280881988655843,3.814306365522171,9.452844609770352
37.08333333333333,0.025707865600051713,0.021505083962222827,0.020880798064161887,0.024503370364774468,0.027897276572534116,0.03099511746408315,0.033991329535165364,0.03544630778481584,-0.019099487131577088,-0.01221393182353243,-0.008052248530300714,-0.0020039672921445214,0.0009777677332428788,0.003022438807526338,0.005028464491687591,0.006095178564943779,2.4928895931716273,2.546671424352108,3.8582894141022805,10.471865591201192
37.166666666666664,0.022203145262839424,0.01998707795981815,0.019690747872963255,0.0229164469063625,0.025859729305465862,0.028370806968115163,0.03155303742622166,0.03233234286169781,-0.0110516965278294,-0.006784738790332822,-0.003969018738223029,0.0005047721296257287,0.0025167136559111035,0.004806124504155937,0.00635437787261281,0.007371590608343168,2.496334216086242,2.550292166655538,3.8705599122905805,10.755460494923835
37.25,0.022168769837014112,0.016071214561305523,0.015137732902314828,0.01853851804763482,0.02184804324737273,0.02553510782739201,0.02887301961242615,0.03054756650078084,-0.014639514687593783,-0.010720503100373448,-0.00804369336529975,-0.003158411921094603,-0.0003110182619345354,0.0020664697039739816,0.004478563490200893,0.0057481718071719125,2.507265419736791,2.554488022380247,3.8739769700394477,10.175092607330138
37.33333333333333,0.016059538168287604,0.012466018102484863,0.011718498368813793,0.015895424315299975,0.019909305996414953,0.02258488729633456,0.026651070668502915,0.02841731601705407,-0.011647950537628958,-0.008841120080327149,-0.0068208169037907605,-0.002770924905214946,0.00010148431152275981,0.0021295843038510055,0.004229003595359743,0.005112470959854568,2.511476327983462,2.566974944391249,3.8937252974230296,9.935605775565538
37.416666666666664,0.01587969707948209,0.012712587984523016,0.013636449263777821,0.017676188857668678,0.021286844118137457,0.023748134884749625,0.027122729645626068,0.028792044836466114,-0.016594591657960716,-0.01175730890569655,-0.00769678991557857,-0.0021365153397452695,0.0007566603608630582,0.0025798236342991503,0.00460470970205843,0.005673144136819365,2.520138917926221,2.5711480654188277,3.901353399976544,9.707870816025544
37.5,0.019404056429064457,0.017322880575823405,0.01782570530936297,0.0208981118636641,0.024269360398830236,0.026639115257877863,0.02812153584279562,0.0288140544501756,-0.010036148791657134,-0.005287385729083574,-0.0017943301637582058,0.0016095818625550076,0.003365073821538327,0.004916045637567359,0.005074679260598429,0.005198022187336874,2.5210000888304216,2.5769940686845203,3.910304502787057,9.561729678419267
37.58333333333333,0.018106773677181994,0.018994441004217048,0.019690640997928263,0.022930331343870416,0.026366255646099783,0.028526409001679923,0.030651489574160546,0.032043570019968964,-0.0034243055787132708,0.0022508660646064394,0.004623181759870178,0.0063474687429188005,0.007314186747248502,0.007408591165186995,0.007038426042366029,0.007409181014830535,2.5284028176075264,2.5941126422457232,3.940223786230705,9.55668892525527
37.666666666666664,0.01954198241185394,0.02030646315553396,0.022683139678024405,0.027395222524114412,0.03103272640558556,0.03329814054152911,0.036416668137738965,0.03687236756599727,-0.00438972122630483,0.0017890820928843742,0.004755852761784725,0.007546684889961262,0.008997330622001051,0.009036851255358079,0.009895490255092647,0.009660959494169081,2.5291284996854686,2.5811238367134726,3.9277723658349895,9.652996091601239
37.75,0.025618573477289845,0.021981400301867366,0.022944290768888598,0.026222150511894183,0.028178581832163426,0.03111082045301385,0.03404088184042388,0.03526077686809468,-0.005666263436112797,-0.00063055467235242,0.0026815025159367552,0.005139613865432655,0.005746452643633879,0.007082012784945886,0.007593549022618263,0.007661931079877825,2.533647678589261,2.58917005944362,3.936700237737176,9.874232728292775
37.83333333333333,0.030419472777476413,0.025905658359296993,0.02579184549226846,0.027678069806231984,0.03108884134561671,0.03390880112002859,0.03522316852939826,0.03761536328172976,0.007418431481793624,0.008811507517256196,0.009527971766583848,0.009720685993802129,0.010391297691202336,0.010000672832398683,0.009264691038828609,0.010011395102662175,2.5463175520623804,2.5995723513122884,3.9720332486919165,10.161644322853038
37.916666666666664,0.027591811312431734,0.025170963897319515,0.02486072893013587,0.028907194635623974,0.03252731278877635,0.035463908402715974,0.03838088040055568,0.040034655273568115,0.0012752573581275347,0.008264997440137747,0.011310709193134809,0.013444319802923422,0.013638689460432948,0.01315584741721557,0.012655781218790131,0.012546128818220047,2.5474726253441258,2.6040249409575202,3.9747757658163754,9.691449521926184
38.0,0.0243100915452765,0.023379433169146466,0.024639959469393787,0.02794023117677047,0.03152575974884926,0.033664259194498045,0.03488071666622515,0.03661270830456945,-0.0029477024897998387,0.007244920691003962,0.01182584979924775,0.013481558517993831,0.013094688336777944,0.011833123898486765,0.01017333552418009,0.009940350459172655,2.5448060897644864,2.6008457880337543,3.963343104247363,9.077376423336895
38.08333333333333,0.02174149245944474,0.021821851379463963,0.02276441702469971,0.02679038914027057,0.030788432407494307,0.03268264263749818,0.03463229972720966,0.0372126888199964,0.0032550969445661946,0.01135363268660662,0.0138661709378623,0.014229985158204641,0.013487573791430984,0.011323149744969325,0.010225475282885511,0.009935111488804804,2.5474540426263865,2.5971366946166192,3.9644188553415356,8.863178156851506
38.166666666666664,0.018780160665423366,0.019882579749105643,0.02205517209913981,0.025850861224242648,0.029037662619319782,0.03210185235298544,0.033612586203069846,0.03456938783184838,-0.00608911113273602,0.0031898081566130456,0.007068281950610849,0.009631843480267922,0.00999684150150068,0.009584138651832682,0.008892177658235202,0.008897559670108796,2.558237637673835,2.6119553674442244,3.9951489227079877,9.78128995505413
38.25,0.0166288854222947,0.017629188770372194,0.020610140480008317,0.025078418016072215,0.028940555966080483,0.03295847108632504,0.035421268795072874,0.03679965495763801,-0.0020311291117872617,0.006481777775235595,0.010404095048250675,0.0120797710461592,0.012256223820833186,0.01193698292267918,0.011159297397509937,0.010986313676502161,2.572423212299328,2.6403990747055905,4.037279596499708,10.183579464240061
38.33333333333333,0.022039214276077867,0.021694180049859617,0.022858085417843687,0.027561473717526288,0.030245462804912,0.033749156095316354,0.0367688178856102,0.03766801116748173,0.0015874298698993095,0.009076521912228384,0.011767878808644798,0.013794591770725548,0.013331450815436328,0.01303844426208554,0.012713386680858335,0.012024477772168552,2.5865703889673783,2.651100991532153,4.0571307301042845,10.152940777267972
38.416666666666664,0.02554061749696853,0.022812641263979208,0.023223001041408398,0.026388877897321257,0.03086393241418349,0.03333339852252426,0.03621150947187033,0.0378849876390658,0.0013597615607307864,0.008665583311650168,0.011333578662426227,0.01255221810907096,0.013262520226891351,0.012074446012570576,0.01166492155323028,0.011617374277283666,2.6001212956014164,2.6649362883489465,4.083901016183015,10.446339090715139
38.5,0.022921530898098768,0.021492467096882104,0.022639023424568368,0.025708051350168046,0.02965555289697682,0.032262611332391535,0.034951569085602936,0.03632067151265107,0.00031505397328599025,0.007124778111538064,0.010527450131594852,0.011788786673057973,0.012232122311081903,0.012046263887391538,0.011534941901121509,0.01101313751604078,2.5970825678077887,2.6712249042019334,4.103508816921747,10.928122562507566
38.58333333333333,0.02462955585569727,0.019930580343119175,0.02037185751442736,0.02345912307998998,0.026397619752322868,0.030506654891900947,0.03392308933518018,0.03466268983128129,-0.001632886362927622,0.0031891584423103902,0.006311901641093857,0.008347090659133216,0.00911001217041106,0.009970237995653709,0.010246807753382804,0.010200600390811783,2.5981180200894864,2.6763940462145066,4.1160165932300465,11.144026258086118
38.666666666666664,0.025037582147539084,0.020371014978010443,0.02010384629086554,0.023913957401959805,0.026915413982683788,0.03003400470391387,0.0326684827869245,0.03450282984125874,0.005217450360176395,0.008558848841585042,0.010145465445498136,0.01232302045080571,0.01220608108094712,0.012286272768072332,0.012022857405626364,0.012907214858215619,2.611206387482479,2.6891428023042536,4.150055467776079,11.326937212412663
38.75,0.027338214562154795,0.022537810551884564,0.02212141171861739,0.023971903667578134,0.027013252741911596,0.029518085171958506,0.03168344666554027,0.03332397933212989,0.005448879403005899,0.007717006088435589,0.009142390617961056,0.01035091564329851,0.010893747032330495,0.010997874675346807,0.011623115461335492,0.012073580526747651,2.6108981684713632,2.6893890595270435,4.160438324779422,12.169781973665456
38.83333333333333,0.027142218658754158,0.022170245461712677,0.020284943292014954,0.022803085862615084,0.024132293078355443,0.02783723684272967,0.02999872854629175,0.031012614890018414,0.0007568405508456404,0.004331485474104555,0.006463812597132584,0.00864777951594754,0.009104545504968538,0.01071701088157672,0.010943228259846902,0.011041888238717726,2.618153292866695,2.6965678576917425,4.17830832929442,12.098559692211113
38.916666666666664,0.03176386909674607,0.023837000295110235,0.02102780889262683,0.024059320300975618,0.026790727702192936,0.03086284302929949,0.033883079459462576,0.03524743182644169,-0.00480202113203335,-0.0003596646967962933,0.0015344111707212298,0.005297082691099215,0.006650445272435605,0.008837717177480754,0.010115614008881548,0.010634208875633763,2.6220157120115126,2.7068839959668747,4.1863111610105594,12.035024925464187
39.0,0.032213907421699384,0.021633469187368023,0.01969420165528387,0.02092736944717512,0.023403150679710518,0.027513846762449667,0.030161394154807335,0.03180581220131551,-0.006541228156678337,-0.003113327151203333,0.00022342723461049228,0.00396196667269698,0.00541400879537928,0.0073029068420207,0.008114312811410356,0.009280760128887811,2.625294193285749,2.7011166142035212,4.18198964282142,12.543670804497127
39.08333333333333,0.028653764811165716,0.018162494859122698,0.01511001109546,0.017215034634021385,0.020468169012631564,0.023352544508586745,0.02656252672884368,0.02851659421433466,-0.014190677001025045,-0.008367482736260225,-0.0045907982798957525,-0.0002678043454896354,0.0020759523192328674,0.003339573388258668,0.0048940052438409464,0.005646231324564854,2.6333962171638015,2.707146068852667,4.203141337815384,12.464791795074756
39.166666666666664,0.020457776867878606,0.014238948499959487,0.012210410661538044,0.015088920352991222,0.018008387678703233,0.022272691584671885,0.024996307263021614,0.026285160746176615,-0.02084250810497603,-0.008761623118644575,-0.003426106012780591,0.0017460039674242842,0.003484581759865254,0.005252382360428057,0.005659792204290313,0.005635727095911551,2.6396724858594927,2.717152196208835,4.216012046447849,12.272285242240297
39.25,0.024494797517744294,0.01872211512943979,0.01777882696184416,0.01919451722099161,0.021984497132279783,0.024912440749917764,0.026933794485186097,0.028562998661202765,-0.014100264678714901,-0.0048994558793843375,-5.719071357702177e-05,0.0036864641538763634,0.004814120690793132,0.0057162752824483675,0.005872285341065981,0.0066404531149109915,2.6363311178481093,2.7145703791295768,4.2114850167265026,11.924912143737808
39.33333333333333,0.02471554305441604,0.019780681414171792,0.01793223839953566,0.019648761576105917,0.02300331989239383,0.025015261450629735,0.027874042831023068,0.028467329525192608,-0.012823908030374032,-0.000568352141410679,0.0045741624204143645,0.0085799809149448,0.009549185236817439,0.009327708197052812,0.009633301772776343,0.008689794699055852,2.6382144412186403,2.7049736295409446,4.211381674016907,12.776762283131879
39.416666666666664,0.023803833719610208,0.018196526686680592,0.017689779812692513,0.020440350654414484,0.02281697504155675,0.02636203813374163,0.02804079495785273,0.03000845298469838,-0.022730964107361758,-0.007412309907944609,-0.00011690741039106182,0.0053089899359725305,0.006550847458272156,0.006803415407358487,0.0065816953282070495,0.006279805149925017,2.6465453926486737,2.7142336355539878,4.2310283059671026,12.728219751715502
39.5,0.02067447787324493,0.015593183391745579,0.014351347447668621,0.016725541744744186,0.01909114090276811,0.02138897672179475,0.0236151863190865,0.024709502739743146,-0.03188451575576346,-0.011718471601189382,-0.002120351926661955,0.00388623472234915,0.004555913151402307,0.004008280407804827,0.003470900671356456,0.0031653477923524647,2.6680059680626274,2.7311254253668538,4.250023879844826,12.048094651596207
39.58333333333333,0.02017454067591211,0.013742138548996948,0.012913831052601452,0.014177143248825913,0.01692341727232288,0.020152143207037253,0.021913514222569815,0.023206891619548874,-0.03258549956973369,-0.013691124031730928,-0.004550091866075848,0.0016311283746084525,0.003034197913509279,0.0033285821095331387,0.003077267587762525,0.002904952485298136,2.6821152704012445,2.7415808849769157,4.278755600647771,11.973888363745319
39.666666666666664,0.012479412403472646,0.008922998115873264,0.009162373608266444,0.012698250710301647,0.014853717910496948,0.018278950620433974,0.020724491639051597,0.020855596606643795,-0.033482422051883884,-0.016358539348339914,-0.0077151153083699926,-0.0017226515298384888,6.89209782892962e-05,0.0008828384426950748,0.001157385155573879,0.0008660516779227387,2.696004515858609,2.7620260974020097,4.302992225331938,12.162077762044815
39.75,0.012931398236935645,0.009366249174961793,0.008865102462587461,0.012358259616795568,0.015778702190466263,0.018963222568836202,0.020892152950834828,0.02233936797334828,-0.022094028469176377,-0.009943410877763686,-0.004475782262779174,0.00018888963821882737,0.0019503908729366724,0.002124590520565778,0.0018362813575667305,0.002140897456256743,2.697670862197175,2.762967744225654,4.316569670853329,12.360708819270204
39.83333333333333,0.011040980591184614,0.007865854410904278,0.009058130893706075,0.011828471172561087,0.015716799583168524,0.018193559285879568,0.02119477748235355,0.022981502561287604,-0.011796884806618491,-0.0044788823405290295,-0.0005135527506531239,0.0025068433964119197,0.003687436887818387,0.0036033897070885702,0.0041188168960029905,0.004285846897728366,2.7047914344260304,2.7701058230445677,4.345483566856287,12.988612346438785
39.916666666666664,0.011718202781914122,0.011727164647674053,0.012625519630025322,0.01699738677429144,0.02069139887848761,0.022221000008074754,0.02567619898993765,0.026470103945191687,-0.010459525519092515,-0.0009377306934808764,0.00329542112156406,0.00740590274560249,0.008409349274182033,0.008387360079806637,0.008902226081954248,0.008696984585556646,2.714545234143916,2.7737598460849364,4.358756531163349,13.082208569251481
40.0,0.012175427798445748,0.011331663441963614,0.011223483834800655,0.014342551400192208,0.01764598512516605,0.021347196270293526,0.022911243197455154,0.024685251715173995,-0.014336109675075695,-0.005326321045596306,-0.0007581824624889624,0.0027024290720161874,0.004743226999373994,0.006121620954246216,0.006279323433561236,0.00674676285848877,2.721273573872497,2.792597754852448,4.390259078107327,13.760847337970654
